date,opening_price,highest_price,lowest_price,closing_price
2014-01-02,118000.0,119000.0,117500.0,117500.0
2014-01-03,119000.0,119500.0,118500.0,118500.0
2014-01-06,118500.0,121000.0,118500.0,119000.0
2014-01-07,120500.0,120500.0,119500.0,119500.0
2014-01-08,119500.0,120000.0,118000.0,120000.0
2014-01-09,120000.0,120500.0,120000.0,120500.0
2014-01-10,121000.0,121000.0,120000.0,120000.0
2014-01-13,120500.0,121000.0,120000.0,120000.0
2014-01-14,120000.0,120000.0,118500.0,118500.0
2014-01-15,118500.0,119000.0,117500.0,117500.0
2014-01-16,117500.0,119500.0,116000.0,116500.0
2014-01-17,117000.0,117000.0,115500.0,115500.0
2014-01-20,115500.0,117500.0,115500.0,117500.0
2014-01-21,118000.0,118500.0,117000.0,117500.0
2014-01-22,115500.0,118500.0,115500.0,118500.0
2014-01-23,118500.0,118500.0,118500.0,118500.0
2014-01-24,118500.0,119500.0,118000.0,118000.0
2014-01-27,118000.0,118000.0,116500.0,118000.0
2014-01-28,118000.0,118500.0,117500.0,117500.0
2014-01-29,117500.0,117500.0,115500.0,115500.0
2014-02-03,116000.0,117000.0,116000.0,117000.0
2014-02-04,117000.0,118000.0,117000.0,118000.0
2014-02-05,118000.0,119000.0,117500.0,119000.0
2014-02-06,119500.0,120000.0,119000.0,120000.0
2014-02-07,120500.0,130000.0,120500.0,125500.0
2014-02-10,126000.0,126000.0,124000.0,124000.0
2014-02-11,123500.0,125000.0,122000.0,124000.0
2014-02-12,123000.0,125000.0,120000.0,123500.0
2014-02-13,123000.0,124000.0,123000.0,123500.0
2014-02-14,127500.0,127500.0,120000.0,123500.0
2014-02-17,123500.0,125000.0,123500.0,124500.0
2014-02-18,125000.0,125000.0,123000.0,124500.0
2014-02-19,124000.0,125000.0,123500.0,125000.0
2014-02-20,125000.0,125000.0,124500.0,125000.0
2014-02-21,125500.0,125500.0,123000.0,125000.0
2014-02-24,124500.0,125000.0,124000.0,125000.0
2014-02-25,124500.0,125500.0,124500.0,125500.0
2014-02-26,125000.0,125500.0,125000.0,125500.0
2014-02-27,125000.0,126500.0,123500.0,125000.0
2014-02-28,124500.0,124500.0,121000.0,123500.0
2014-03-03,123500.0,125500.0,123500.0,125000.0
2014-03-04,125000.0,125500.0,122500.0,124000.0
2014-03-05,124000.0,124000.0,122000.0,122500.0
2014-03-06,122500.0,123000.0,122500.0,122500.0
2014-03-07,122000.0,123000.0,121000.0,121500.0
2014-03-10,121000.0,122000.0,120000.0,122000.0
2014-03-11,122500.0,122500.0,118000.0,120000.0
2014-03-12,120500.0,120500.0,119500.0,120500.0
2014-03-13,121500.0,122000.0,121500.0,122000.0
2014-03-14,122000.0,122000.0,121500.0,122000.0
2014-03-17,122000.0,122500.0,122000.0,122000.0
2014-03-18,122500.0,123000.0,122000.0,122000.0
2014-03-19,122000.0,122500.0,120500.0,122500.0
2014-03-20,122500.0,123000.0,122500.0,123000.0
2014-03-21,123500.0,123500.0,122500.0,123000.0
2014-03-24,122000.0,123000.0,122000.0,123000.0
2014-03-25,122500.0,123000.0,122000.0,122000.0
2014-03-26,121500.0,123000.0,121000.0,122500.0
2014-03-27,122500.0,123500.0,122500.0,123500.0
2014-03-28,124000.0,125000.0,123000.0,125000.0
2014-03-31,123000.0,125000.0,123000.0,125000.0
2014-04-01,124500.0,124500.0,123000.0,124500.0
2014-04-02,124000.0,126000.0,123000.0,125000.0
2014-04-03,125000.0,125500.0,125000.0,125000.0
2014-04-04,126500.0,126500.0,124500.0,125000.0
2014-04-07,125000.0,125500.0,124000.0,125000.0
2014-04-08,125000.0,125000.0,124500.0,125000.0
2014-04-09,125500.0,126000.0,125000.0,126000.0
2014-04-10,125500.0,131000.0,125500.0,127500.0
2014-04-11,127500.0,129000.0,125500.0,128000.0
2014-04-14,127500.0,128500.0,126000.0,128500.0
2014-04-15,129000.0,129500.0,128000.0,129000.0
2014-04-16,128500.0,129500.0,126000.0,127000.0
2014-04-17,126500.0,128000.0,125000.0,126500.0
2014-04-18,126000.0,128000.0,125000.0,126000.0
2014-04-21,126000.0,127500.0,125000.0,126000.0
2014-04-22,126500.0,127000.0,126000.0,126000.0
2014-04-23,126000.0,127000.0,126000.0,126000.0
2014-04-24,126000.0,127500.0,126000.0,126000.0
2014-04-25,126500.0,127500.0,125500.0,126000.0
2014-04-28,125500.0,126500.0,125500.0,126500.0
2014-04-29,126500.0,127500.0,122500.0,127500.0
2014-04-30,127000.0,128000.0,124000.0,128000.0
2014-05-02,128000.0,130500.0,128000.0,129500.0
2014-05-07,128000.0,129500.0,127000.0,128500.0
2014-05-08,128500.0,128500.0,125500.0,127500.0
2014-05-09,127500.0,127500.0,125000.0,125500.0
2014-05-12,126000.0,126000.0,124500.0,124500.0
2014-05-13,125000.0,125000.0,124500.0,124500.0
2014-05-14,124000.0,125000.0,124000.0,125000.0
2014-05-15,125000.0,125000.0,124000.0,125000.0
2014-05-16,125000.0,125500.0,123000.0,123000.0
2014-05-19,123500.0,123500.0,123000.0,123000.0
2014-05-20,123000.0,123500.0,122500.0,123000.0
2014-05-21,123500.0,125000.0,123000.0,125000.0
2014-05-22,125000.0,125000.0,123500.0,123500.0
2014-05-23,123500.0,123500.0,120000.0,121000.0
2014-05-26,121000.0,121000.0,119500.0,120000.0
2014-05-27,120500.0,121500.0,120500.0,120500.0
2014-05-28,120000.0,120000.0,119500.0,120000.0
2014-05-29,120500.0,120500.0,115000.0,116000.0
2014-05-30,115500.0,115500.0,111000.0,111500.0
2014-06-02,111500.0,114500.0,109500.0,109500.0
2014-06-03,110000.0,112000.0,108000.0,112000.0
2014-06-05,112500.0,122000.0,110000.0,122000.0
2014-06-09,122000.0,122000.0,118500.0,122000.0
2014-06-10,122500.0,122500.0,120000.0,120500.0
2014-06-11,120000.0,123500.0,120000.0,123500.0
2014-06-12,123500.0,126500.0,122500.0,122500.0
2014-06-13,123500.0,125500.0,123000.0,123000.0
2014-06-16,124000.0,124000.0,122000.0,122000.0
2014-06-17,120000.0,122000.0,120000.0,122000.0
2014-06-18,122000.0,122000.0,120000.0,120500.0
2014-06-19,121500.0,125000.0,121500.0,125000.0
2014-06-20,126000.0,126000.0,121000.0,125000.0
2014-06-23,125000.0,126500.0,125000.0,125000.0
2014-06-24,125000.0,125000.0,124500.0,125000.0
2014-06-25,125000.0,125000.0,125000.0,125000.0
2014-06-26,125000.0,125000.0,125000.0,125000.0
2014-06-27,124500.0,124500.0,124500.0,124500.0
2014-06-30,125000.0,126500.0,115000.0,126000.0
2014-07-01,126000.0,128000.0,123000.0,124000.0
2014-07-02,124000.0,127000.0,123500.0,126500.0
2014-07-03,127000.0,128000.0,126000.0,127000.0
2014-07-04,128000.0,129000.0,126500.0,127000.0
2014-07-07,126500.0,129000.0,126500.0,127500.0
2014-07-08,127500.0,129000.0,127500.0,129000.0
2014-07-09,129000.0,129000.0,128500.0,129000.0
2014-07-10,127000.0,130000.0,127000.0,129000.0
2014-07-11,128500.0,130000.0,128500.0,129000.0
2014-07-14,129000.0,129000.0,128500.0,128500.0
2014-07-15,128000.0,130000.0,127500.0,129000.0
2014-07-16,129000.0,130500.0,128500.0,129000.0
2014-07-17,129000.0,129500.0,127000.0,129500.0
2014-07-18,129500.0,129500.0,129000.0,129000.0
2014-07-21,129000.0,129000.0,129000.0,129000.0
2014-07-22,133000.0,133000.0,128500.0,129000.0
2014-07-23,133000.0,133000.0,128000.0,130000.0
2014-07-24,130000.0,130000.0,127500.0,127500.0
2014-07-25,127000.0,127500.0,125000.0,126500.0
2014-07-28,126500.0,129000.0,126500.0,127000.0
2014-07-29,127000.0,127000.0,124500.0,124500.0
2014-07-30,124500.0,126000.0,124500.0,126000.0
2014-07-31,124500.0,126000.0,124000.0,126000.0
2014-08-01,125000.0,128000.0,125000.0,128000.0
2014-08-04,126500.0,129000.0,126000.0,128500.0
2014-08-05,127000.0,128000.0,126000.0,128000.0
2014-08-06,128000.0,128000.0,127000.0,127000.0
2014-08-07,126000.0,127000.0,126000.0,127000.0
2014-08-08,125000.0,125000.0,125000.0,125000.0
2014-08-11,126000.0,126000.0,125000.0,126000.0
2014-08-12,126500.0,126500.0,125500.0,126000.0
2014-08-13,125000.0,128000.0,124500.0,125000.0
2014-08-14,125000.0,128000.0,125000.0,126000.0
2014-08-18,125500.0,127000.0,125500.0,127000.0
2014-08-19,125500.0,127000.0,125500.0,126500.0
2014-08-20,125000.0,126500.0,123500.0,125000.0
2014-08-21,124000.0,129000.0,123500.0,129000.0
2014-08-22,129500.0,129500.0,125500.0,125500.0
2014-08-25,125500.0,127000.0,125500.0,127000.0
2014-08-26,127000.0,128000.0,127000.0,128000.0
2014-08-27,128000.0,128500.0,125000.0,128000.0
2014-08-28,129500.0,129500.0,127500.0,127500.0
2014-08-29,129000.0,130000.0,127500.0,129500.0
2014-09-01,129000.0,131500.0,128000.0,129500.0
2014-09-02,130000.0,132000.0,129500.0,129500.0
2014-09-03,132500.0,132500.0,130000.0,132000.0
2014-09-04,132000.0,143000.0,132000.0,140000.0
2014-09-05,140000.0,140000.0,133500.0,135500.0
2014-09-11,136000.0,138000.0,134500.0,134500.0
2014-09-12,135500.0,136000.0,130000.0,131000.0
2014-09-15,131000.0,132500.0,129500.0,132000.0
2014-09-16,132000.0,133500.0,132000.0,133000.0
2014-09-17,134000.0,135000.0,131500.0,134500.0
2014-09-18,134500.0,136000.0,133500.0,135500.0
2014-09-19,137500.0,138000.0,135000.0,137500.0
2014-09-22,139500.0,139500.0,135000.0,137500.0
2014-09-23,137500.0,138500.0,135000.0,138500.0
2014-09-24,138500.0,140000.0,137000.0,139500.0
2014-09-25,139500.0,142500.0,138000.0,142500.0
2014-09-26,142500.0,146500.0,142000.0,146500.0
2014-09-29,146500.0,153000.0,146500.0,152000.0
2014-09-30,154500.0,154500.0,146000.0,148000.0
2014-10-01,147500.0,148000.0,146000.0,148000.0
2014-10-02,144500.0,148000.0,144500.0,148000.0
2014-10-06,148000.0,155500.0,146000.0,155000.0
2014-10-07,155000.0,158500.0,150000.0,158000.0
2014-10-08,156000.0,156000.0,153000.0,156000.0
2014-10-10,156000.0,157000.0,152000.0,153000.0
2014-10-13,152000.0,158500.0,148500.0,154500.0
2014-10-14,153500.0,158500.0,152000.0,158500.0
2014-10-15,158500.0,158500.0,153000.0,156500.0
2014-10-16,153000.0,159000.0,153000.0,158500.0
2014-10-17,159000.0,159500.0,157000.0,159000.0
2014-10-20,158000.0,158000.0,154000.0,154000.0
2014-10-21,153500.0,154500.0,151500.0,152500.0
2014-10-22,153500.0,154500.0,152000.0,152500.0
2014-10-23,153000.0,153000.0,150500.0,151000.0
2014-10-24,152000.0,152000.0,149000.0,149000.0
2014-10-27,149000.0,151000.0,148000.0,149000.0
2014-10-28,148500.0,150000.0,147000.0,150000.0
2014-10-29,150000.0,152000.0,148000.0,150000.0
2014-10-30,152000.0,152000.0,148000.0,149500.0
2014-10-31,149500.0,150500.0,147500.0,150000.0
2014-11-03,151500.0,151500.0,147500.0,149000.0
2014-11-04,148500.0,148500.0,140000.0,141500.0
2014-11-05,141000.0,143500.0,138500.0,140000.0
2014-11-06,139500.0,140500.0,133000.0,136000.0
2014-11-07,135000.0,137000.0,130500.0,133000.0
2014-11-10,132000.0,134000.0,132000.0,133000.0
2014-11-11,135500.0,135500.0,132000.0,133000.0
2014-11-12,133500.0,134000.0,129000.0,129500.0
2014-11-13,130000.0,135000.0,130000.0,132000.0
2014-11-14,133500.0,138000.0,132500.0,135500.0
2014-11-17,136000.0,137000.0,131500.0,135500.0
2014-11-18,136500.0,136500.0,131000.0,135500.0
2014-11-19,134500.0,138500.0,133000.0,138500.0
2014-11-20,139500.0,139500.0,134500.0,136500.0
2014-11-21,135000.0,135000.0,131000.0,131500.0
2014-11-24,132500.0,133500.0,130000.0,133500.0
2014-11-25,133500.0,135000.0,132500.0,135000.0
2014-11-26,135000.0,136000.0,133500.0,136000.0
2014-11-27,137000.0,138000.0,135000.0,137000.0
2014-11-28,138000.0,138000.0,135000.0,136500.0
2014-12-01,136500.0,139000.0,136000.0,136500.0
2014-12-02,136500.0,137500.0,136500.0,137000.0
2014-12-03,135000.0,136000.0,130000.0,133000.0
2014-12-04,135500.0,135500.0,127000.0,129000.0
2014-12-05,130000.0,130500.0,126500.0,129000.0
2014-12-08,131500.0,131500.0,127500.0,130000.0
2014-12-09,130000.0,132000.0,124000.0,125500.0
2014-12-10,124500.0,127000.0,124500.0,127000.0
2014-12-11,125500.0,129000.0,125500.0,126500.0
2014-12-12,125500.0,129500.0,125500.0,126500.0
2014-12-15,126000.0,131500.0,126000.0,131000.0
2014-12-16,131000.0,133000.0,130500.0,133000.0
2014-12-17,132500.0,136500.0,132000.0,136500.0
2014-12-18,136000.0,139500.0,136000.0,139000.0
2014-12-19,140000.0,140500.0,139000.0,139500.0
2014-12-22,139000.0,141000.0,136500.0,139000.0
2014-12-23,138000.0,145500.0,134500.0,144000.0
2014-12-24,140000.0,160000.0,140000.0,140500.0
2014-12-26,140000.0,149000.0,139000.0,146000.0
2014-12-29,146000.0,150000.0,146000.0,147000.0
2014-12-30,146500.0,147000.0,137000.0,143000.0
2015-01-02,139500.0,139500.0,139500.0,139500.0
2015-01-05,136500.0,139500.0,136500.0,137500.0
2015-01-06,136500.0,145000.0,135000.0,145000.0
2015-01-07,142000.0,145000.0,140000.0,145000.0
2015-01-08,143000.0,143000.0,139000.0,140000.0
2015-01-09,140000.0,140000.0,140000.0,140000.0
2015-01-12,140000.0,142000.0,140000.0,141000.0
2015-01-13,139000.0,142000.0,139000.0,141000.0
2015-01-14,137000.0,143000.0,137000.0,143000.0
2015-01-15,141000.0,142500.0,133000.0,142500.0
2015-01-16,142500.0,142500.0,142500.0,142500.0
2015-01-19,142000.0,143000.0,140000.0,142500.0
2015-01-20,142500.0,142500.0,142500.0,142500.0
2015-01-21,142500.0,142500.0,142500.0,142500.0
2015-01-22,142500.0,144000.0,142500.0,144000.0
2015-01-23,145500.0,145500.0,142500.0,143500.0
2015-01-26,140000.0,145500.0,140000.0,145500.0
2015-01-27,142500.0,145000.0,142500.0,142500.0
2015-01-28,141500.0,143000.0,141000.0,142500.0
2015-01-29,140500.0,144000.0,140500.0,143000.0
2015-01-30,141000.0,143000.0,140500.0,143000.0
2015-02-02,140500.0,145500.0,140500.0,145000.0
2015-02-03,144000.0,145500.0,143500.0,145000.0
2015-02-04,145000.0,146000.0,142000.0,146000.0
2015-02-05,145000.0,146500.0,144000.0,145000.0
2015-02-06,145000.0,145000.0,145000.0,145000.0
2015-02-09,144000.0,145000.0,143000.0,145000.0
2015-02-10,144000.0,145000.0,143000.0,144500.0
2015-02-11,144500.0,144500.0,143000.0,143500.0
2015-02-12,142500.0,145000.0,142500.0,145000.0
2015-02-13,145000.0,146000.0,142500.0,143000.0
2015-02-16,145000.0,145000.0,144000.0,145000.0
2015-02-17,145000.0,145000.0,142500.0,145000.0
2015-02-23,145000.0,145000.0,143000.0,143000.0
2015-02-24,142000.0,143000.0,141500.0,141500.0
2015-02-25,140500.0,143000.0,140000.0,143000.0
2015-02-26,142000.0,142000.0,141000.0,141000.0
2015-02-27,140000.0,145000.0,140000.0,143500.0
2015-03-02,142500.0,143000.0,141000.0,143000.0
2015-03-03,143500.0,143500.0,141000.0,142500.0
2015-03-04,141500.0,141500.0,140000.0,141500.0
2015-03-05,140000.0,140500.0,140000.0,140500.0
2015-03-06,140500.0,143000.0,139500.0,143000.0
2015-03-09,135500.0,143500.0,135500.0,143500.0
2015-03-10,141000.0,143500.0,141000.0,143500.0
2015-03-11,141000.0,143500.0,141000.0,143000.0
2015-03-12,141000.0,143000.0,141000.0,141000.0
2015-03-13,140000.0,142000.0,139500.0,142000.0
2015-03-16,141000.0,143500.0,141000.0,143500.0
2015-03-17,142500.0,146000.0,141500.0,146000.0
2015-03-18,146000.0,147000.0,144000.0,147000.0
2015-03-19,147000.0,148000.0,144000.0,147000.0
2015-03-20,146500.0,146500.0,144000.0,144500.0
2015-03-23,144000.0,144000.0,142000.0,142500.0
2015-03-24,142500.0,143000.0,140000.0,143000.0
2015-03-25,141500.0,143500.0,141000.0,143500.0
2015-03-26,142000.0,144000.0,140000.0,144000.0
2015-03-27,142500.0,144500.0,142500.0,144500.0
2015-03-30,144000.0,146500.0,143500.0,145500.0
2015-03-31,143500.0,146500.0,143500.0,146000.0
2015-04-01,147000.0,155000.0,144000.0,146000.0
2015-04-02,144500.0,147000.0,142500.0,147000.0
2015-04-03,145000.0,148000.0,144000.0,147500.0
2015-04-06,147500.0,148000.0,144500.0,144500.0
2015-04-07,145000.0,147000.0,143000.0,147000.0
2015-04-08,146500.0,148000.0,144500.0,144500.0
2015-04-09,144000.0,145500.0,144000.0,145500.0
2015-04-10,145000.0,149500.0,144000.0,146000.0
2015-04-13,145000.0,145500.0,144000.0,145500.0
2015-04-14,145500.0,145500.0,143500.0,144500.0
2015-04-15,143500.0,144500.0,143000.0,144500.0
2015-04-16,145000.0,145000.0,142500.0,145000.0
2015-04-17,145000.0,145500.0,144000.0,145500.0
2015-04-20,145500.0,145500.0,144000.0,145000.0
2015-04-21,145000.0,145000.0,143000.0,145000.0
2015-04-22,145000.0,145000.0,141000.0,144500.0
2015-04-23,143500.0,144000.0,141000.0,141000.0
2015-04-24,140000.0,142000.0,139000.0,142000.0
2015-04-27,142000.0,144000.0,141500.0,143000.0
2015-04-28,143000.0,145000.0,141000.0,145000.0
2015-04-29,145000.0,145000.0,143000.0,144500.0
2015-04-30,144000.0,144000.0,140500.0,140500.0
2015-05-04,140500.0,140500.0,139500.0,140000.0
2015-05-06,140000.0,140000.0,138000.0,138000.0
2015-05-07,138000.0,138000.0,134000.0,134000.0
2015-05-08,134500.0,134500.0,131000.0,132000.0
2015-05-11,132000.0,132500.0,131000.0,132500.0
2015-05-12,132500.0,135500.0,131000.0,134000.0
2015-05-13,132000.0,134500.0,129500.0,134000.0
2015-05-14,150000.0,150500.0,140000.0,141500.0
2015-05-15,140500.0,143500.0,135500.0,143500.0
2015-05-18,142000.0,144000.0,141000.0,141500.0
2015-05-19,141000.0,141000.0,133500.0,135000.0
2015-05-20,135000.0,137500.0,134000.0,136000.0
2015-05-21,136000.0,141000.0,136000.0,141000.0
2015-05-22,139000.0,140000.0,138500.0,140000.0
2015-05-26,138000.0,140000.0,138000.0,140000.0
2015-05-27,138000.0,140500.0,138000.0,140500.0
2015-05-28,140500.0,143500.0,135000.0,143500.0
2015-05-29,143000.0,144500.0,142500.0,144000.0
2015-06-01,145500.0,146000.0,141000.0,142000.0
2015-06-02,141000.0,141000.0,140000.0,140000.0
2015-06-03,140000.0,145000.0,139500.0,145000.0
2015-06-04,143000.0,143000.0,141000.0,141000.0
2015-06-05,141000.0,148500.0,141000.0,147000.0
2015-06-08,147000.0,148000.0,142000.0,142000.0
2015-06-09,141000.0,150000.0,141000.0,143000.0
2015-06-10,143500.0,144500.0,143500.0,143500.0
2015-06-11,143000.0,148500.0,143000.0,143000.0
2015-06-12,145000.0,145000.0,143500.0,143500.0
2015-06-15,143500.0,143500.0,139000.0,142000.0
2015-06-16,142000.0,142000.0,139000.0,139000.0
2015-06-17,140500.0,143000.0,139500.0,139500.0
2015-06-18,138000.0,140000.0,137500.0,138500.0
2015-06-19,138500.0,139000.0,138500.0,138500.0
2015-06-22,139000.0,141000.0,138000.0,139000.0
2015-06-23,139000.0,141000.0,139000.0,141000.0
2015-06-24,140000.0,141000.0,140000.0,141000.0
2015-06-25,139500.0,140000.0,138000.0,140000.0
2015-06-26,139000.0,142500.0,139000.0,142000.0
2015-06-29,140500.0,141000.0,140500.0,141000.0
2015-06-30,141000.0,141500.0,139000.0,139000.0
2015-07-01,139500.0,139500.0,138000.0,138000.0
2015-07-02,139000.0,140000.0,138000.0,138000.0
2015-07-03,139000.0,141000.0,138000.0,141000.0
2015-07-06,140000.0,140000.0,140000.0,140000.0
2015-07-07,140500.0,141000.0,140500.0,140500.0
2015-07-08,140000.0,140000.0,140000.0,140000.0
2015-07-09,140000.0,140500.0,137000.0,137000.0
2015-07-10,137000.0,137000.0,136000.0,136000.0
2015-07-13,134000.0,142000.0,134000.0,140500.0
2015-07-14,146000.0,149500.0,141000.0,144500.0
2015-07-15,144500.0,144500.0,144500.0,144500.0
2015-07-16,142000.0,144500.0,142000.0,143500.0
2015-07-17,146000.0,146000.0,141500.0,141500.0
2015-07-20,143000.0,143000.0,142500.0,142500.0
2015-07-21,143500.0,143500.0,140500.0,142500.0
2015-07-22,141000.0,148500.0,138000.0,148500.0
2015-07-23,148000.0,148000.0,144000.0,147000.0
2015-07-24,145000.0,149000.0,143500.0,148500.0
2015-07-27,145000.0,149000.0,143000.0,143500.0
2015-07-28,141500.0,150000.0,141500.0,144500.0
2015-07-29,145000.0,147500.0,139500.0,143500.0
2015-07-30,145500.0,145500.0,140500.0,140500.0
2015-07-31,140500.0,142500.0,137500.0,137500.0
2015-08-03,136500.0,137500.0,136500.0,137500.0
2015-08-04,138000.0,138000.0,136500.0,136500.0
2015-08-05,136000.0,137500.0,134500.0,137500.0
2015-08-06,139500.0,139500.0,135000.0,137500.0
2015-08-07,135500.0,140500.0,135500.0,140000.0
2015-08-10,138000.0,140500.0,136000.0,140000.0
2015-08-11,139000.0,141000.0,137500.0,140000.0
2015-08-12,138000.0,138000.0,134000.0,134000.0
2015-08-13,136000.0,140500.0,133000.0,140000.0
2015-08-17,137500.0,139000.0,135000.0,135000.0
2015-08-18,132500.0,135500.0,130500.0,133500.0
2015-08-19,132000.0,133500.0,130000.0,130000.0
2015-08-20,131000.0,136000.0,121000.0,130000.0
2015-08-21,130000.0,130000.0,121500.0,123000.0
2015-08-24,120000.0,124000.0,120000.0,123500.0
2015-08-25,123500.0,133000.0,119000.0,130000.0
2015-08-26,129000.0,130500.0,126500.0,126500.0
2015-08-27,125000.0,131000.0,125000.0,130000.0
2015-08-28,129000.0,139500.0,128500.0,139500.0
2015-08-31,135000.0,139500.0,135000.0,136000.0
2015-09-01,136000.0,136000.0,134500.0,134500.0
2015-09-02,130000.0,135000.0,130000.0,132500.0
2015-09-03,134500.0,134500.0,131000.0,134000.0
2015-09-04,131500.0,135500.0,130500.0,134000.0
2015-09-07,131000.0,133000.0,130000.0,132000.0
2015-09-08,129500.0,132000.0,127500.0,127500.0
2015-09-09,129000.0,130000.0,128000.0,130000.0
2015-09-10,129500.0,134000.0,127000.0,130000.0
2015-09-11,129500.0,134000.0,127000.0,129000.0
2015-09-14,129000.0,129000.0,126500.0,126500.0
2015-09-15,127000.0,127000.0,125500.0,125500.0
2015-09-16,127000.0,134500.0,127000.0,128500.0
2015-09-17,127000.0,134500.0,127000.0,128000.0
2015-09-18,128000.0,128000.0,128000.0,128000.0
2015-09-21,127000.0,134000.0,126000.0,130000.0
2015-09-22,128000.0,130000.0,128000.0,130000.0
2015-09-23,128500.0,130000.0,128000.0,130000.0
2015-09-24,129500.0,129500.0,127500.0,127500.0
2015-09-25,126000.0,129000.0,125500.0,127500.0
2015-09-30,127500.0,127500.0,127500.0,127500.0
2015-10-01,127500.0,127500.0,127500.0,127500.0
2015-10-02,129000.0,130500.0,126000.0,126000.0
2015-10-05,126500.0,127000.0,126000.0,126000.0
2015-10-06,126000.0,126000.0,124500.0,124500.0
2015-10-07,134500.0,134500.0,125000.0,125500.0
2015-10-08,125500.0,126000.0,124000.0,126000.0
2015-10-12,126000.0,126000.0,123000.0,124000.0
2015-10-13,125000.0,125000.0,125000.0,125000.0
2015-10-14,123000.0,123000.0,123000.0,123000.0
2015-10-15,123000.0,123500.0,123000.0,123500.0
2015-10-16,123500.0,124000.0,120000.0,122000.0
2015-10-19,122000.0,124000.0,119500.0,119500.0
2015-10-20,120000.0,125500.0,118000.0,125000.0
2015-10-21,125000.0,125500.0,122000.0,124500.0
2015-10-22,125000.0,125000.0,123000.0,124500.0
2015-10-23,123000.0,124000.0,122000.0,123000.0
2015-10-26,123000.0,123000.0,121000.0,122500.0
2015-10-27,122500.0,123000.0,119500.0,121500.0
2015-10-28,121000.0,122000.0,121000.0,121000.0
2015-10-29,121000.0,121000.0,119500.0,120000.0
2015-10-30,120000.0,124000.0,118500.0,119000.0
2015-11-02,119000.0,119000.0,118000.0,118500.0
2015-11-03,118500.0,119000.0,114000.0,119000.0
2015-11-04,116000.0,118000.0,116000.0,117500.0
2015-11-05,120000.0,120000.0,117000.0,118500.0
2015-11-06,118500.0,118500.0,116000.0,117500.0
2015-11-09,116000.0,116000.0,113500.0,113500.0
2015-11-10,113500.0,114500.0,112500.0,114500.0
2015-11-11,114500.0,114500.0,113500.0,113500.0
2015-11-12,113000.0,114000.0,112000.0,113500.0
2015-11-13,112000.0,112000.0,109500.0,110000.0
2015-11-16,111000.0,111000.0,107500.0,109000.0
2015-11-17,109000.0,109000.0,105000.0,108000.0
2015-11-18,108000.0,108000.0,106500.0,107500.0
2015-11-19,107500.0,109000.0,107000.0,109000.0
2015-11-20,109000.0,111000.0,108000.0,111000.0
2015-11-23,111500.0,115500.0,111000.0,115000.0
2015-11-24,115000.0,116000.0,114000.0,114000.0
2015-11-25,114500.0,114500.0,112500.0,112500.0
2015-11-26,112500.0,112500.0,109500.0,112500.0
2015-11-27,111000.0,114500.0,107000.0,114500.0
2015-11-30,116500.0,118500.0,115000.0,116000.0
2015-12-01,116000.0,119000.0,114500.0,119000.0
2015-12-02,118000.0,118000.0,115000.0,115000.0
2015-12-03,112500.0,116000.0,111500.0,116000.0
2015-12-04,114000.0,114000.0,110500.0,110500.0
2015-12-07,109500.0,112500.0,107500.0,108000.0
2015-12-08,107500.0,107500.0,105000.0,106000.0
2015-12-09,105500.0,105500.0,101500.0,102000.0
2015-12-10,102000.0,102000.0,98100.0,99600.0
2015-12-11,101000.0,102000.0,99000.0,102000.0
2015-12-14,102000.0,102000.0,98400.0,99700.0
2015-12-15,102000.0,102000.0,99800.0,101000.0
2015-12-16,101000.0,104500.0,100000.0,104500.0
2015-12-17,104500.0,111000.0,101000.0,111000.0
2015-12-18,109000.0,113000.0,109000.0,112500.0
2015-12-21,112500.0,113500.0,112000.0,113500.0
2015-12-22,114000.0,118000.0,114000.0,118000.0
2015-12-23,118000.0,118000.0,116000.0,118000.0
2015-12-24,118000.0,118000.0,115000.0,116500.0
2015-12-28,116500.0,117500.0,116000.0,117500.0
2015-12-29,120000.0,120000.0,115500.0,116000.0
2015-12-30,115500.0,116000.0,113000.0,113500.0
2016-01-04,112500.0,112500.0,112000.0,112000.0
2016-01-05,111000.0,112000.0,110000.0,111000.0
2016-01-06,110500.0,111500.0,110000.0,110000.0
2016-01-07,109500.0,111000.0,109500.0,110000.0
2016-01-08,109000.0,111500.0,109000.0,110000.0
2016-01-11,110000.0,110000.0,108000.0,108500.0
2016-01-12,109000.0,109500.0,108500.0,108500.0
2016-01-13,109000.0,110000.0,109000.0,109500.0
2016-01-14,110000.0,110000.0,108500.0,109000.0
2016-01-15,111000.0,111000.0,109500.0,110500.0
2016-01-18,109000.0,111000.0,107500.0,108500.0
2016-01-19,109000.0,109000.0,107000.0,107000.0
2016-01-20,107000.0,107000.0,93100.0,93100.0
2016-01-21,93000.0,94000.0,88500.0,90000.0
2016-01-22,89300.0,89700.0,87800.0,89600.0
2016-01-25,89900.0,91500.0,87500.0,89000.0
2016-01-26,88900.0,89100.0,87300.0,89000.0
2016-01-27,89200.0,89200.0,87600.0,87900.0
2016-01-28,88600.0,88600.0,87700.0,88100.0
2016-01-29,89000.0,89000.0,87700.0,88000.0
2016-02-01,88000.0,88000.0,87900.0,88000.0
2016-02-02,88000.0,88400.0,87400.0,88400.0
2016-02-03,88000.0,88300.0,86900.0,87500.0
2016-02-04,86800.0,87700.0,86600.0,87100.0
2016-02-05,87100.0,88500.0,86300.0,86500.0
2016-02-11,86500.0,86500.0,83500.0,83900.0
2016-02-12,86200.0,86200.0,81500.0,83000.0
2016-02-15,82500.0,83200.0,81300.0,81700.0
2016-02-16,81800.0,82000.0,79100.0,80200.0
2016-02-17,81500.0,84500.0,80000.0,80200.0
2016-02-18,80300.0,80300.0,77600.0,80200.0
2016-02-19,80100.0,80100.0,74400.0,75100.0
2016-02-22,76000.0,76300.0,75100.0,75700.0
2016-02-23,75900.0,77700.0,75400.0,76300.0
2016-02-24,76300.0,76400.0,75200.0,76300.0
2016-02-25,76700.0,77000.0,75100.0,75400.0
2016-02-26,75500.0,76500.0,75200.0,75700.0
2016-02-29,76000.0,78500.0,76000.0,77000.0
2016-03-02,77100.0,78500.0,76700.0,77100.0
2016-03-03,76700.0,79500.0,76700.0,79100.0
2016-03-04,79900.0,81000.0,79200.0,79300.0
2016-03-07,79400.0,80900.0,77600.0,79300.0
2016-03-08,79000.0,79500.0,78300.0,78800.0
2016-03-09,78800.0,79400.0,78400.0,79000.0
2016-03-10,79000.0,80000.0,78600.0,80000.0
2016-03-11,79900.0,81100.0,79900.0,80600.0
2016-03-14,81000.0,83800.0,80600.0,82400.0
2016-03-15,82400.0,82400.0,80800.0,82100.0
2016-03-16,82100.0,82100.0,80600.0,80900.0
2016-03-17,80900.0,81000.0,79100.0,79600.0
2016-03-18,79600.0,80200.0,79200.0,80200.0
2016-03-21,80200.0,80400.0,79400.0,80400.0
2016-03-22,79800.0,80500.0,79300.0,79700.0
2016-03-23,79700.0,80900.0,79600.0,80600.0
2016-03-24,80000.0,80600.0,80000.0,80300.0
2016-03-25,80000.0,80700.0,80000.0,80500.0
2016-03-28,82300.0,82300.0,80000.0,80200.0
2016-03-29,80000.0,80800.0,80000.0,80800.0
2016-03-30,80800.0,81700.0,80200.0,81500.0
2016-03-31,81500.0,81600.0,80400.0,81600.0
2016-04-01,81600.0,82000.0,80700.0,82000.0
2016-04-04,82000.0,83000.0,81000.0,82300.0
2016-04-05,83300.0,83300.0,81200.0,82500.0
2016-04-06,81200.0,82200.0,81200.0,81900.0
2016-04-07,81900.0,83000.0,81000.0,83000.0
2016-04-08,81600.0,83000.0,81500.0,82900.0
2016-04-11,83400.0,83500.0,82200.0,83500.0
2016-04-12,83400.0,85500.0,83400.0,85500.0
2016-04-14,87500.0,87900.0,86000.0,87900.0
2016-04-15,88000.0,92000.0,88000.0,91400.0
2016-04-18,94000.0,95000.0,92400.0,93400.0
2016-04-19,93400.0,93400.0,92200.0,92300.0
2016-04-20,92100.0,93500.0,92100.0,93200.0
2016-04-21,93200.0,93200.0,92200.0,93100.0
2016-04-22,91800.0,93100.0,91800.0,93000.0
2016-04-25,93000.0,94000.0,91600.0,91900.0
2016-04-26,91800.0,91800.0,90000.0,90100.0
2016-04-27,90100.0,90100.0,87700.0,89000.0
2016-04-28,89000.0,89000.0,87700.0,87700.0
2016-04-29,87500.0,88600.0,87300.0,87400.0
2016-05-02,87400.0,88200.0,87100.0,87900.0
2016-05-03,87900.0,88000.0,86500.0,88000.0
2016-05-04,88000.0,88100.0,87400.0,88000.0
2016-05-09,88200.0,88200.0,87500.0,88200.0
2016-05-10,88200.0,88500.0,88200.0,88300.0
2016-05-11,88300.0,88400.0,87200.0,88400.0
2016-05-12,88000.0,88500.0,87000.0,88500.0
2016-05-13,88600.0,89800.0,88600.0,89800.0
2016-05-16,89900.0,90100.0,89800.0,90000.0
2016-05-17,90000.0,90100.0,89900.0,90100.0
2016-05-18,89100.0,90000.0,89000.0,89900.0
2016-05-19,90000.0,90000.0,87100.0,89000.0
2016-05-20,87100.0,88600.0,87100.0,88600.0
2016-05-23,87800.0,88600.0,87800.0,88300.0
2016-05-24,86600.0,88000.0,86600.0,88000.0
2016-05-25,87100.0,88000.0,87000.0,88000.0
2016-05-26,88000.0,88000.0,85600.0,88000.0
2016-05-27,88000.0,88700.0,87900.0,88700.0
2016-05-30,88700.0,88900.0,88400.0,88400.0
2016-05-31,88700.0,88700.0,87000.0,87400.0
2016-06-01,87000.0,87400.0,87000.0,87400.0
2016-06-02,87600.0,87600.0,87400.0,87500.0
2016-06-03,87000.0,87000.0,86300.0,86400.0
2016-06-07,86400.0,87200.0,86200.0,87000.0
2016-06-08,86600.0,87100.0,86600.0,87100.0
2016-06-09,86500.0,87100.0,86500.0,86900.0
2016-06-10,86900.0,87200.0,86900.0,87200.0
2016-06-13,87000.0,87200.0,85300.0,86000.0
2016-06-14,87200.0,87200.0,85800.0,85800.0
2016-06-15,85200.0,86600.0,85100.0,85200.0
2016-06-16,85200.0,85400.0,85000.0,85000.0
2016-06-17,87000.0,87000.0,85200.0,86600.0
2016-06-20,86600.0,86600.0,85000.0,85000.0
2016-06-21,86000.0,86000.0,85500.0,85500.0
2016-06-22,85500.0,85500.0,85000.0,85000.0
2016-06-23,85300.0,85800.0,85300.0,85600.0
2016-06-24,85100.0,85800.0,84000.0,85800.0
2016-06-27,85300.0,85300.0,85100.0,85100.0
2016-06-28,84600.0,86400.0,84600.0,85200.0
2016-06-29,84900.0,85500.0,84700.0,85500.0
2016-06-30,84900.0,86500.0,84100.0,86400.0
2016-07-01,85800.0,85800.0,83600.0,84000.0
2016-07-04,84000.0,84000.0,81500.0,81600.0
2016-07-05,81700.0,81700.0,80200.0,80900.0
2016-07-06,81300.0,82000.0,79300.0,80800.0
2016-07-07,79200.0,80800.0,79100.0,79500.0
2016-07-08,80500.0,80800.0,78300.0,79000.0
2016-07-11,79900.0,79900.0,78000.0,78700.0
2016-07-12,79100.0,79100.0,77600.0,78700.0
2016-07-13,77700.0,78000.0,77400.0,77900.0
2016-07-14,77900.0,80200.0,77900.0,80000.0
2016-07-15,80000.0,80300.0,79400.0,80000.0
2016-07-18,80000.0,81100.0,79900.0,81100.0
2016-07-19,81100.0,81100.0,80100.0,80800.0
2016-07-20,80800.0,80900.0,80100.0,80800.0
2016-07-21,80800.0,80800.0,80600.0,80600.0
2016-07-22,80500.0,82300.0,80500.0,80500.0
2016-07-25,80400.0,80400.0,79400.0,80300.0
2016-07-26,80300.0,81000.0,80100.0,81000.0
2016-07-27,81000.0,83000.0,79700.0,80500.0
2016-07-28,80500.0,80500.0,79300.0,79500.0
2016-07-29,79500.0,80200.0,79200.0,80000.0
2016-08-01,80000.0,80700.0,80000.0,80600.0
2016-08-02,80500.0,81100.0,79000.0,81100.0
2016-08-03,81100.0,81600.0,80000.0,80000.0
2016-08-04,85000.0,85000.0,80400.0,82000.0
2016-08-05,81500.0,85000.0,81100.0,82300.0
2016-08-08,82500.0,82700.0,82300.0,82300.0
2016-08-09,81000.0,83000.0,81000.0,82900.0
2016-08-10,83600.0,85300.0,81300.0,85300.0
2016-08-11,84700.0,85700.0,82300.0,83400.0
2016-08-12,83400.0,87000.0,82500.0,85800.0
2016-08-16,85800.0,85800.0,83400.0,84000.0
2016-08-17,84000.0,88800.0,82700.0,86700.0
2016-08-18,87000.0,87200.0,86000.0,86900.0
2016-08-19,86900.0,86900.0,85900.0,86800.0
2016-08-22,86600.0,86800.0,86000.0,86700.0
2016-08-23,86500.0,86700.0,86000.0,86000.0
2016-08-24,85000.0,86300.0,84600.0,84600.0
2016-08-25,84600.0,87100.0,84600.0,86300.0
2016-08-26,86300.0,86300.0,86000.0,86000.0
2016-08-29,85900.0,85900.0,84500.0,85800.0
2016-08-30,85800.0,86000.0,85300.0,85300.0
2016-08-31,85400.0,85500.0,85300.0,85300.0
2016-09-01,85400.0,86700.0,85400.0,86600.0
2016-09-02,86500.0,86700.0,83000.0,86500.0
2016-09-05,86500.0,86500.0,85000.0,86500.0
2016-09-06,86500.0,86600.0,85500.0,86600.0
2016-09-07,86300.0,86900.0,85700.0,85700.0
2016-09-08,86000.0,87000.0,85500.0,85500.0
2016-09-09,85500.0,85500.0,85500.0,85500.0
2016-09-12,84000.0,84500.0,83300.0,84500.0
2016-09-13,84500.0,84800.0,83300.0,84800.0
2016-09-19,85000.0,85000.0,84500.0,84800.0
2016-09-20,83100.0,86000.0,83100.0,85800.0
2016-09-21,84500.0,85700.0,84500.0,85700.0
2016-09-22,85600.0,86500.0,85500.0,86500.0
2016-09-23,86200.0,86500.0,84100.0,86300.0
2016-09-26,85800.0,86800.0,85800.0,86000.0
2016-09-27,86000.0,86600.0,86000.0,86500.0
2016-09-28,86000.0,87600.0,86000.0,87600.0
2016-09-29,86300.0,87600.0,83200.0,87600.0
2016-09-30,87600.0,87600.0,86000.0,86000.0
2016-10-04,86000.0,86700.0,85600.0,86700.0
2016-10-05,86700.0,86700.0,84100.0,84600.0
2016-10-06,85600.0,85600.0,83000.0,83300.0
2016-10-07,84200.0,84300.0,83200.0,83200.0
2016-10-10,80700.0,84800.0,80700.0,83500.0
2016-10-11,83500.0,84700.0,82800.0,83400.0
2016-10-12,83400.0,83700.0,82900.0,83700.0
2016-10-13,83800.0,83800.0,83700.0,83700.0
2016-10-14,83700.0,83800.0,82500.0,82500.0
2016-10-17,82500.0,84000.0,82500.0,84000.0
2016-10-18,83900.0,84000.0,83700.0,83900.0
2016-10-19,83700.0,86400.0,83700.0,84800.0
2016-10-20,84900.0,84900.0,82100.0,82800.0
2016-10-21,82800.0,83900.0,81100.0,83900.0
2016-10-24,83900.0,83900.0,81000.0,82500.0
2016-10-25,82500.0,82700.0,82500.0,82700.0
2016-10-26,81000.0,82400.0,80300.0,82200.0
2016-10-27,82200.0,82200.0,82000.0,82000.0
2016-10-28,82000.0,82000.0,79300.0,80800.0
2016-10-31,80800.0,81800.0,79900.0,79900.0
2016-11-01,79900.0,79900.0,78100.0,79400.0
2016-11-02,79400.0,79700.0,78400.0,78400.0
2016-11-03,78600.0,78600.0,78200.0,78200.0
2016-11-04,78800.0,79500.0,77900.0,79500.0
2016-11-07,79500.0,79500.0,77900.0,79500.0
2016-11-08,79500.0,79500.0,78000.0,78800.0
2016-11-09,78800.0,78800.0,78000.0,78700.0
2016-11-10,78900.0,79400.0,78700.0,78900.0
2016-11-11,79700.0,79900.0,78400.0,78400.0
2016-11-14,80600.0,81400.0,78000.0,79100.0
2016-11-15,79100.0,79600.0,79100.0,79600.0
2016-11-16,79600.0,80000.0,79500.0,79500.0
2016-11-17,79500.0,80700.0,79100.0,80700.0
2016-11-18,80700.0,81600.0,80400.0,81000.0
2016-11-21,80600.0,81000.0,80200.0,80900.0
2016-11-22,80700.0,80700.0,78000.0,79900.0
2016-11-23,79900.0,80500.0,79900.0,80500.0
2016-11-24,80500.0,80500.0,80500.0,80500.0
2016-11-25,80400.0,80500.0,79200.0,79200.0
2016-11-28,80700.0,80700.0,80600.0,80600.0
2016-11-29,80600.0,80600.0,80000.0,80500.0
2016-11-30,80500.0,81000.0,80500.0,80900.0
2016-12-01,79800.0,81000.0,79800.0,80900.0
2016-12-02,80900.0,80900.0,79400.0,79700.0
2016-12-05,80000.0,80000.0,79800.0,80000.0
2016-12-06,79500.0,80700.0,79500.0,80700.0
2016-12-07,80700.0,80700.0,80000.0,80600.0
2016-12-08,80600.0,80600.0,79700.0,80600.0
2016-12-09,80100.0,80100.0,79000.0,79600.0
2016-12-12,80100.0,80100.0,79200.0,79600.0
2016-12-13,79600.0,80100.0,79400.0,80100.0
2016-12-14,80000.0,80100.0,79800.0,80100.0
2016-12-15,80000.0,80200.0,80000.0,80100.0
2016-12-16,79800.0,80000.0,79500.0,79600.0
2016-12-19,79600.0,80200.0,79600.0,80200.0
2016-12-20,80100.0,80100.0,79600.0,80100.0
2016-12-21,79800.0,80900.0,79600.0,80900.0
2016-12-22,80000.0,81500.0,80000.0,81100.0
2016-12-23,80900.0,81100.0,76800.0,81000.0
2016-12-26,81000.0,81400.0,81000.0,81400.0
2016-12-27,81400.0,83500.0,81400.0,82200.0
2016-12-28,81900.0,82500.0,81900.0,82500.0
2016-12-29,82000.0,84700.0,82000.0,82200.0
2017-01-02,83000.0,85000.0,81100.0,81100.0
2017-01-03,81500.0,81500.0,81100.0,81200.0
2017-01-04,81500.0,81800.0,81500.0,81500.0
2017-01-05,82500.0,83000.0,82000.0,82000.0
2017-01-06,82200.0,83000.0,82200.0,82500.0
2017-01-09,82500.0,82500.0,82200.0,82300.0
2017-01-10,80100.0,82000.0,80100.0,81900.0
2017-01-11,81800.0,82800.0,81700.0,81700.0
2017-01-12,81800.0,82500.0,80400.0,81900.0
2017-01-13,80800.0,82000.0,80800.0,81200.0
2017-01-16,81400.0,82300.0,80700.0,81600.0
2017-01-17,81000.0,81800.0,79700.0,81400.0
2017-01-18,81400.0,82200.0,80600.0,80800.0
2017-01-19,80800.0,81000.0,80300.0,80300.0
2017-01-20,80300.0,80500.0,80200.0,80300.0
2017-01-23,80000.0,80300.0,79900.0,80300.0
2017-01-24,80100.0,81400.0,80100.0,80400.0
2017-01-25,80100.0,80200.0,80100.0,80100.0
2017-01-26,79100.0,80100.0,79100.0,80100.0
2017-01-31,80100.0,80200.0,79500.0,80200.0
2017-02-01,79600.0,80100.0,79600.0,79900.0
2017-02-02,80000.0,80300.0,80000.0,80000.0
2017-02-03,80000.0,80100.0,78300.0,79000.0
2017-02-06,79000.0,79000.0,78500.0,79000.0
2017-02-07,78500.0,79300.0,78500.0,79300.0
2017-02-08,78600.0,78800.0,78500.0,78700.0
2017-02-09,78200.0,79300.0,78200.0,79200.0
2017-02-10,78300.0,79500.0,78300.0,79300.0
2017-02-13,79300.0,81300.0,79300.0,81300.0
2017-02-14,81600.0,83100.0,81000.0,81500.0
2017-02-15,81500.0,81700.0,80600.0,81700.0
2017-02-16,81000.0,81900.0,80700.0,80800.0
2017-02-17,80800.0,80900.0,79500.0,80800.0
2017-02-20,80800.0,81000.0,80500.0,80500.0
2017-02-21,79300.0,80600.0,79300.0,80600.0
2017-02-22,80600.0,80600.0,79600.0,80500.0
2017-02-23,80500.0,80500.0,80500.0,80500.0
2017-02-24,80500.0,80900.0,79000.0,80900.0
2017-02-27,79000.0,81300.0,79000.0,79800.0
2017-02-28,79200.0,79900.0,79000.0,79900.0
2017-03-02,80000.0,80200.0,79500.0,79900.0
2017-03-03,80200.0,80600.0,79100.0,79700.0
2017-03-06,79800.0,80000.0,79200.0,80000.0
2017-03-07,79200.0,80400.0,79200.0,80000.0
2017-03-08,81700.0,81700.0,78500.0,78700.0
2017-03-09,78700.0,79800.0,78500.0,79500.0
2017-03-10,78800.0,79900.0,78800.0,79900.0
2017-03-13,79900.0,79900.0,79000.0,79700.0
2017-03-14,78500.0,79000.0,78300.0,78600.0
2017-03-15,78900.0,78900.0,78200.0,78600.0
2017-03-16,78600.0,79100.0,78200.0,79100.0
2017-03-17,79100.0,79400.0,78400.0,79400.0
2017-03-20,78100.0,79500.0,77300.0,79300.0
2017-03-21,78100.0,79000.0,78000.0,78700.0
2017-03-22,78400.0,78400.0,77000.0,77400.0
2017-03-23,77300.0,77700.0,77300.0,77600.0
2017-03-24,77300.0,80000.0,77300.0,80000.0
2017-03-27,78100.0,81000.0,78100.0,79700.0
2017-03-28,79300.0,80400.0,79300.0,79900.0
2017-03-29,80000.0,80700.0,79300.0,80500.0
2017-03-30,80400.0,81000.0,80400.0,80800.0
2017-03-31,81000.0,81100.0,80400.0,81000.0
2017-04-03,81100.0,81300.0,80100.0,81200.0
2017-04-04,80600.0,80600.0,80000.0,80000.0
2017-04-05,80000.0,80800.0,79600.0,79600.0
2017-04-06,80600.0,80600.0,79800.0,79800.0
2017-04-07,79700.0,80100.0,78900.0,79500.0
2017-04-10,78000.0,79400.0,77000.0,79000.0
2017-04-11,79000.0,79500.0,79000.0,79500.0
2017-04-12,79500.0,79900.0,79500.0,79500.0
2017-04-13,79500.0,80200.0,79500.0,79900.0
2017-04-14,79700.0,79800.0,79600.0,79700.0
2017-04-17,79700.0,80300.0,79700.0,80200.0
2017-04-18,80200.0,80400.0,80200.0,80400.0
2017-04-19,80400.0,80400.0,79500.0,79600.0
2017-04-20,79600.0,80200.0,79600.0,80200.0
2017-04-21,79500.0,80200.0,79500.0,80200.0
2017-04-24,80200.0,80200.0,79500.0,80100.0
2017-04-25,80100.0,80500.0,80100.0,80200.0
2017-04-26,81200.0,81200.0,80100.0,80700.0
2017-04-27,79500.0,80400.0,79500.0,79700.0
2017-04-28,81000.0,81000.0,79500.0,79700.0
2017-05-02,79700.0,80100.0,79500.0,80100.0
2017-05-04,80100.0,80400.0,80000.0,80400.0
2017-05-08,81500.0,82100.0,81200.0,82000.0
2017-05-10,82000.0,83000.0,82000.0,82700.0
2017-05-11,82700.0,82900.0,81700.0,82900.0
2017-05-12,82000.0,83000.0,81100.0,82900.0
2017-05-15,82500.0,83500.0,81000.0,81100.0
2017-05-16,81900.0,82300.0,81100.0,82200.0
2017-05-17,82000.0,82800.0,81700.0,82300.0
2017-05-18,82300.0,82300.0,79600.0,80900.0
2017-05-19,81000.0,82500.0,81000.0,82100.0
2017-05-22,81600.0,82100.0,81500.0,81600.0
2017-05-23,81700.0,82900.0,81500.0,82100.0
2017-05-24,82100.0,82400.0,81900.0,82400.0
2017-05-25,82400.0,82800.0,82000.0,82500.0
2017-05-26,82500.0,82700.0,82400.0,82700.0
2017-05-29,82800.0,85900.0,82800.0,84000.0
2017-05-30,84000.0,84100.0,83800.0,84000.0
2017-05-31,84000.0,84300.0,84000.0,84100.0
2017-06-01,84100.0,84300.0,83300.0,83300.0
2017-06-02,83500.0,84500.0,82900.0,83500.0
2017-06-05,84300.0,84300.0,83100.0,83900.0
2017-06-07,84100.0,84900.0,84100.0,84800.0
2017-06-08,84800.0,85500.0,84700.0,84700.0
2017-06-09,84700.0,86400.0,84700.0,86400.0
2017-06-12,86400.0,87000.0,84900.0,86000.0
2017-06-13,85000.0,86000.0,83800.0,85900.0
2017-06-14,85000.0,85700.0,84600.0,85500.0
2017-06-15,84500.0,86000.0,83700.0,84000.0
2017-06-16,84300.0,84500.0,83700.0,84000.0
2017-06-19,84000.0,84400.0,83400.0,83400.0
2017-06-20,83700.0,84000.0,83300.0,84000.0
2017-06-21,84000.0,84000.0,83500.0,84000.0
2017-06-22,83500.0,84300.0,83100.0,83800.0
2017-06-23,83600.0,83700.0,83100.0,83300.0
2017-06-26,83200.0,84000.0,83200.0,83700.0
2017-06-27,83200.0,83400.0,83100.0,83400.0
2017-06-28,84000.0,84000.0,83200.0,83400.0
2017-06-29,83400.0,84200.0,83000.0,84200.0
2017-06-30,84200.0,84200.0,83300.0,84100.0
2017-07-03,84100.0,84300.0,83500.0,84200.0
2017-07-04,84000.0,84000.0,83500.0,83700.0
2017-07-05,83700.0,83700.0,83600.0,83600.0
2017-07-06,83600.0,83900.0,83400.0,83900.0
2017-07-07,83200.0,84000.0,83200.0,83500.0
2017-07-10,83500.0,83900.0,83500.0,83500.0
2017-07-11,84000.0,84000.0,83200.0,83900.0
2017-07-12,83200.0,84100.0,83200.0,83800.0
2017-07-13,83800.0,84000.0,83200.0,83200.0
2017-07-14,83100.0,86000.0,83100.0,84500.0
2017-07-17,85000.0,85000.0,83900.0,84400.0
2017-07-18,84500.0,84500.0,83700.0,84000.0
2017-07-19,84000.0,84300.0,83900.0,84200.0
2017-07-20,84300.0,86100.0,84300.0,86100.0
2017-07-21,86100.0,86400.0,86100.0,86200.0
2017-07-24,86000.0,88500.0,86000.0,87100.0
2017-07-25,86100.0,87800.0,86000.0,87800.0
2017-07-26,87700.0,88500.0,86900.0,88100.0
2017-07-27,88000.0,89000.0,87000.0,88300.0
2017-07-28,88300.0,88700.0,86000.0,86000.0
2017-07-31,86000.0,87700.0,86000.0,87200.0
2017-08-01,88500.0,88800.0,88000.0,88600.0
2017-08-02,88200.0,89000.0,88000.0,89000.0
2017-08-03,89000.0,89000.0,87800.0,88700.0
2017-08-04,89200.0,89200.0,88200.0,88700.0
2017-08-07,89000.0,90600.0,89000.0,89900.0
2017-08-08,91500.0,91500.0,90000.0,91000.0
2017-08-09,92000.0,92000.0,90300.0,90500.0
2017-08-10,91900.0,91900.0,90400.0,90700.0
2017-08-11,92200.0,92200.0,90500.0,92200.0
2017-08-14,92200.0,94000.0,92200.0,93400.0
2017-08-16,93300.0,93300.0,91000.0,91600.0
2017-08-17,93200.0,95000.0,91500.0,92800.0
2017-08-18,92800.0,95200.0,92800.0,94700.0
2017-08-21,94700.0,99900.0,94700.0,98700.0
2017-08-22,98700.0,98700.0,95800.0,96000.0
2017-08-23,95900.0,95900.0,92000.0,93900.0
2017-08-24,94000.0,95100.0,94000.0,94400.0
2017-08-25,94400.0,95900.0,94400.0,95200.0
2017-08-28,94500.0,96000.0,94500.0,95300.0
2017-08-29,95900.0,95900.0,93200.0,95000.0
2017-08-30,96000.0,97300.0,94500.0,96800.0
2017-08-31,97800.0,97800.0,95900.0,95900.0
2017-09-01,95900.0,95900.0,94600.0,94700.0
2017-09-04,93000.0,96300.0,93000.0,94800.0
2017-09-05,94800.0,96800.0,94800.0,95800.0
2017-09-06,95800.0,96100.0,95500.0,95900.0
2017-09-07,95900.0,96300.0,95200.0,95200.0
2017-09-08,94000.0,95500.0,94000.0,95300.0
2017-09-11,94800.0,95200.0,94800.0,95000.0
2017-09-12,94500.0,95300.0,94500.0,95100.0
2017-09-13,95200.0,95300.0,95000.0,95300.0
2017-09-14,95300.0,95500.0,94900.0,95300.0
2017-09-15,95300.0,95300.0,94600.0,94600.0
2017-09-18,93500.0,94200.0,93500.0,93600.0
2017-09-19,93600.0,93900.0,92700.0,93900.0
2017-09-20,94200.0,94200.0,93200.0,93400.0
2017-09-21,93400.0,93800.0,93000.0,93200.0
2017-09-22,93200.0,94200.0,93000.0,93000.0
2017-09-25,93000.0,93000.0,91400.0,91800.0
2017-09-26,92000.0,92100.0,91800.0,92100.0
2017-09-27,92100.0,92900.0,92100.0,92400.0
2017-09-28,92500.0,93700.0,92500.0,93600.0
2017-09-29,95600.0,96000.0,94200.0,94200.0
2017-10-10,94200.0,94800.0,93800.0,93900.0
2017-10-11,92100.0,93900.0,92100.0,93800.0
2017-10-12,94500.0,94500.0,93500.0,93500.0
2017-10-13,93600.0,94000.0,93500.0,93900.0
2017-10-16,93500.0,94200.0,93500.0,93500.0
2017-10-17,92100.0,93700.0,92100.0,93700.0
2017-10-18,94000.0,94200.0,93500.0,93500.0
2017-10-19,93500.0,94800.0,93500.0,94700.0
2017-10-20,95000.0,95000.0,94400.0,94600.0
2017-10-23,93900.0,95200.0,93900.0,95100.0
2017-10-24,99000.0,99000.0,95100.0,95100.0
2017-10-25,94900.0,95800.0,94800.0,95700.0
2017-10-26,95700.0,95700.0,95500.0,95700.0
2017-10-27,95500.0,96400.0,95500.0,96300.0
2017-10-30,96400.0,96400.0,96100.0,96300.0
2017-10-31,96200.0,96400.0,96200.0,96300.0
2017-11-01,96200.0,96300.0,94800.0,94800.0
2017-11-02,94600.0,96000.0,94600.0,96000.0
2017-11-03,97000.0,97000.0,94800.0,94900.0
2017-11-06,98400.0,98400.0,95000.0,97000.0
2017-11-07,96500.0,96700.0,95000.0,95900.0
2017-11-08,95800.0,96300.0,95200.0,96300.0
2017-11-09,96300.0,97500.0,96000.0,97200.0
2017-11-10,97200.0,98500.0,95500.0,96200.0
2017-11-13,95900.0,95900.0,94300.0,94400.0
2017-11-14,94400.0,95100.0,93100.0,94900.0
2017-11-15,94900.0,95300.0,94800.0,95300.0
2017-11-16,96500.0,96500.0,95300.0,96200.0
2017-11-17,96200.0,96200.0,95700.0,95700.0
2017-11-20,95900.0,95900.0,95000.0,95600.0
2017-11-21,95600.0,96100.0,95600.0,95900.0
2017-11-22,97800.0,97800.0,95500.0,96000.0
2017-11-23,96000.0,96100.0,95500.0,96000.0
2017-11-24,96000.0,96100.0,95600.0,95900.0
2017-11-27,94800.0,95800.0,94800.0,95500.0
2017-11-28,96000.0,96000.0,94800.0,94900.0
2017-11-29,95100.0,95200.0,94000.0,95200.0
2017-11-30,95000.0,96000.0,94600.0,96000.0
2017-12-01,95900.0,95900.0,95200.0,95800.0
2017-12-04,95800.0,96300.0,95000.0,95000.0
2017-12-05,94100.0,95100.0,94000.0,95000.0
2017-12-06,95000.0,95900.0,94400.0,95900.0
2017-12-07,95200.0,95700.0,94900.0,95700.0
2017-12-08,95800.0,95900.0,95500.0,95500.0
2017-12-11,95500.0,95700.0,95100.0,95500.0
2017-12-12,92300.0,97200.0,92300.0,95000.0
2017-12-13,93200.0,95500.0,93200.0,95500.0
2017-12-14,94100.0,95700.0,94100.0,94900.0
2017-12-15,94900.0,94900.0,92700.0,94100.0
2017-12-18,93700.0,95600.0,93700.0,95600.0
2017-12-19,95600.0,95900.0,94900.0,95700.0
2017-12-20,95800.0,95800.0,94700.0,95600.0
2017-12-21,95500.0,95700.0,95100.0,95500.0
2017-12-22,95100.0,95600.0,95100.0,95400.0
2017-12-26,95000.0,95500.0,95000.0,95000.0
2017-12-27,95500.0,95500.0,94000.0,94200.0
2017-12-28,94500.0,95400.0,94300.0,94300.0
2018-01-02,94000.0,94400.0,93700.0,93700.0
2018-01-03,93700.0,94900.0,93700.0,93700.0
2018-01-04,94700.0,94700.0,93700.0,93700.0
2018-01-05,93700.0,93900.0,92900.0,93400.0
2018-01-08,93400.0,93700.0,93200.0,93400.0
2018-01-09,93400.0,93800.0,93400.0,93400.0
2018-01-10,93400.0,93400.0,93000.0,93300.0
2018-01-11,93300.0,93500.0,93300.0,93500.0
2018-01-12,93000.0,93600.0,93000.0,93400.0
2018-01-15,93400.0,95300.0,92300.0,92300.0
2018-01-16,91700.0,93000.0,91700.0,93000.0
2018-01-17,93000.0,93000.0,92300.0,92500.0
2018-01-18,92000.0,93300.0,92000.0,92500.0
2018-01-19,92500.0,92500.0,92000.0,92100.0
2018-01-22,92200.0,92200.0,91200.0,91700.0
2018-01-23,92200.0,92200.0,90400.0,91400.0
2018-01-24,95900.0,95900.0,90800.0,90900.0
2018-01-25,94300.0,94300.0,91000.0,91700.0
2018-01-26,91200.0,92800.0,91200.0,92600.0
2018-01-29,92000.0,92100.0,91300.0,91600.0
2018-01-30,91600.0,92200.0,91500.0,92200.0
2018-01-31,92100.0,92600.0,92000.0,92500.0
2018-02-01,92500.0,92600.0,92200.0,92300.0
2018-02-02,92300.0,92500.0,92100.0,92100.0
2018-02-05,92100.0,92200.0,92000.0,92000.0
2018-02-06,92000.0,93500.0,91100.0,92000.0
2018-02-07,92000.0,93000.0,91200.0,91200.0
2018-02-08,92500.0,92500.0,91400.0,92100.0
2018-02-09,92100.0,93100.0,90600.0,92000.0
2018-02-12,91400.0,91400.0,91100.0,91100.0
2018-02-13,91100.0,91400.0,90500.0,91300.0
2018-02-14,90400.0,90600.0,87000.0,88000.0
2018-02-19,90100.0,90100.0,88500.0,90100.0
2018-02-20,90200.0,90200.0,88700.0,89000.0
2018-02-21,90400.0,90400.0,89000.0,89000.0
2018-02-22,89000.0,89900.0,88200.0,88600.0
2018-02-23,88900.0,88900.0,88500.0,88900.0
2018-02-26,89000.0,89000.0,88500.0,88500.0
2018-02-27,88500.0,88800.0,87400.0,88800.0
2018-02-28,88200.0,88800.0,88000.0,88100.0
2018-03-02,87300.0,87300.0,86700.0,87100.0
2018-03-05,87100.0,87500.0,87000.0,87500.0
2018-03-06,87500.0,88500.0,87500.0,87500.0
2018-03-07,87500.0,88800.0,87500.0,88800.0
2018-03-08,88500.0,88500.0,86100.0,88000.0
2018-03-09,87600.0,87700.0,87600.0,87700.0
2018-03-12,87900.0,90000.0,86500.0,90000.0
2018-03-13,89600.0,89800.0,89000.0,89000.0
2018-03-14,89000.0,89000.0,88600.0,88700.0
2018-03-15,89500.0,89500.0,88000.0,88000.0
2018-03-16,86900.0,87000.0,82600.0,87000.0
2018-03-19,86700.0,87900.0,86500.0,87900.0
2018-03-20,87200.0,87200.0,82600.0,86800.0
2018-03-21,86800.0,86800.0,85300.0,85300.0
2018-03-22,88200.0,88200.0,85400.0,85700.0
2018-03-23,85000.0,85500.0,84100.0,84100.0
2018-03-26,82400.0,84300.0,82400.0,84300.0
2018-03-27,84300.0,85400.0,84300.0,84300.0
2018-03-28,84400.0,84800.0,84300.0,84300.0
2018-03-29,84300.0,85000.0,84300.0,84300.0
2018-03-30,84300.0,85000.0,84300.0,85000.0
2018-04-02,86800.0,87000.0,85300.0,86500.0
2018-04-03,87400.0,88600.0,87000.0,88400.0
2018-04-04,88400.0,88800.0,86800.0,88800.0
2018-04-05,88800.0,89500.0,88800.0,89000.0
2018-04-06,88800.0,89400.0,88800.0,89400.0
2018-04-09,90100.0,90100.0,88800.0,89800.0
2018-04-10,89300.0,90300.0,88900.0,90300.0
2018-04-11,88700.0,88900.0,87000.0,87000.0
2018-04-12,87000.0,87000.0,86600.0,87000.0
2018-04-13,86000.0,86500.0,86000.0,86500.0
2018-04-16,87400.0,87400.0,87000.0,87000.0
2018-04-17,87000.0,87000.0,85200.0,85700.0
2018-04-18,85600.0,85600.0,84300.0,85500.0
2018-04-19,85300.0,86000.0,84100.0,85100.0
2018-04-20,85100.0,85700.0,84000.0,85700.0
2018-04-23,87900.0,87900.0,85500.0,85800.0
2018-04-24,87800.0,87800.0,85600.0,85600.0
2018-04-25,87500.0,87500.0,85300.0,87500.0
2018-04-26,86800.0,87900.0,86800.0,86900.0
2018-04-27,86900.0,87200.0,86700.0,86800.0
2018-04-30,86700.0,86900.0,86600.0,86600.0
2018-05-02,97900.0,97900.0,88300.0,90400.0
2018-05-03,90400.0,91000.0,89500.0,89800.0
2018-05-04,94700.0,94700.0,90500.0,91500.0
2018-05-08,90800.0,92000.0,90600.0,90600.0
2018-05-09,90000.0,90800.0,89300.0,90400.0
2018-05-10,90400.0,91500.0,89500.0,91500.0
2018-05-11,92800.0,92800.0,90200.0,90500.0
2018-05-14,90500.0,92000.0,90000.0,90000.0
2018-05-15,90000.0,90800.0,89200.0,89200.0
2018-05-16,89700.0,90000.0,88500.0,90000.0
2018-05-17,93500.0,93500.0,88800.0,89700.0
2018-05-18,91100.0,91100.0,86300.0,88300.0
2018-05-21,89600.0,89600.0,86600.0,88900.0
2018-05-23,88900.0,89600.0,88400.0,89600.0
2018-05-24,89700.0,93800.0,89600.0,91500.0
2018-05-25,91100.0,91300.0,89600.0,90300.0
2018-05-28,90200.0,90900.0,90200.0,90300.0
2018-05-29,90400.0,91500.0,90100.0,90300.0
2018-05-30,90300.0,90600.0,90300.0,90500.0
2018-05-31,90500.0,90700.0,90400.0,90600.0
2018-06-01,92700.0,92700.0,90900.0,91700.0
2018-06-04,91700.0,92000.0,91000.0,92000.0
2018-06-05,92500.0,92500.0,91800.0,92000.0
2018-06-07,92000.0,92000.0,91000.0,91000.0
2018-06-08,90800.0,91900.0,90700.0,91600.0
2018-06-11,91600.0,92000.0,90800.0,92000.0
2018-06-12,92400.0,92400.0,91000.0,91200.0
2018-06-14,91700.0,91700.0,90300.0,90500.0
2018-06-15,91000.0,91100.0,90500.0,91100.0
2018-06-18,91200.0,91800.0,91200.0,91700.0
2018-06-19,91800.0,91800.0,90300.0,90300.0
2018-06-20,90400.0,91400.0,90400.0,91000.0
2018-06-21,91900.0,91900.0,90300.0,91000.0
2018-06-22,91800.0,91800.0,90600.0,91400.0
2018-06-25,91000.0,91500.0,90600.0,91500.0
2018-06-26,91400.0,92000.0,90700.0,91500.0
2018-06-27,90900.0,91000.0,90500.0,91000.0
2018-06-28,94000.0,94000.0,91000.0,91000.0
2018-06-29,91000.0,91400.0,90900.0,91000.0
2018-07-02,91000.0,91000.0,86000.0,87800.0
2018-07-03,87700.0,89300.0,87700.0,87800.0
2018-07-04,87800.0,89400.0,87200.0,88400.0
2018-07-05,88400.0,90000.0,88400.0,89200.0
2018-07-06,88000.0,89200.0,87600.0,87600.0
2018-07-09,87000.0,87800.0,86800.0,87200.0
2018-07-10,87100.0,88100.0,87100.0,88100.0
2018-07-11,87900.0,88100.0,87900.0,88000.0
2018-07-12,88000.0,88000.0,87600.0,87600.0
2018-07-13,88000.0,88000.0,87400.0,87900.0
2018-07-16,87000.0,87000.0,86100.0,86400.0
2018-07-17,86800.0,87900.0,86600.0,87900.0
2018-07-18,88000.0,88000.0,87600.0,87700.0
2018-07-19,87800.0,87800.0,85100.0,86800.0
2018-07-20,86900.0,87100.0,86600.0,86600.0
2018-07-23,86200.0,86600.0,86000.0,86300.0
2018-07-24,86500.0,87600.0,86500.0,86500.0
2018-07-25,85200.0,87300.0,85200.0,86300.0
2018-07-26,86300.0,87000.0,86300.0,87000.0
2018-07-27,86700.0,87500.0,86000.0,86400.0
2018-07-30,86300.0,86400.0,86200.0,86200.0
2018-07-31,86900.0,86900.0,86900.0,86900.0
2018-08-01,86300.0,87800.0,86300.0,87700.0
2018-08-02,87900.0,88000.0,87200.0,87300.0
2018-08-03,87400.0,87800.0,87400.0,87800.0
2018-08-06,87900.0,90000.0,87900.0,88700.0
2018-08-07,89000.0,90000.0,89000.0,90000.0
2018-08-08,90000.0,91000.0,89500.0,90000.0
2018-08-09,88700.0,89200.0,88100.0,88600.0
2018-08-10,88600.0,90900.0,88600.0,90000.0
2018-08-13,89600.0,90800.0,87700.0,90600.0
2018-08-14,91000.0,91000.0,89200.0,90300.0
2018-08-16,89400.0,90000.0,88900.0,90000.0
2018-08-17,89800.0,90100.0,88100.0,88100.0
2018-08-20,88100.0,88500.0,87300.0,87400.0
2018-08-21,87200.0,88000.0,87200.0,88000.0
2018-08-22,88000.0,88300.0,87500.0,88300.0
2018-08-23,87200.0,88700.0,87200.0,88700.0
2018-08-24,87400.0,88800.0,87300.0,88000.0
2018-08-27,88000.0,88500.0,87000.0,87500.0
2018-08-28,88300.0,88300.0,86600.0,87000.0
2018-08-29,86000.0,86900.0,86000.0,86900.0
2018-08-30,86000.0,88000.0,86000.0,88000.0
2018-08-31,88000.0,88500.0,87500.0,87600.0
2018-09-03,86600.0,87600.0,86600.0,87600.0
2018-09-04,86600.0,87600.0,86600.0,87300.0
2018-09-05,86500.0,88100.0,86500.0,86800.0
2018-09-06,86300.0,86900.0,86300.0,86600.0
2018-09-07,86600.0,87600.0,86600.0,86900.0
2018-09-10,89900.0,89900.0,86200.0,87600.0
2018-09-11,89100.0,89100.0,87100.0,87500.0
2018-09-12,89500.0,89500.0,87500.0,87600.0
2018-09-13,87600.0,88300.0,87300.0,88300.0
2018-09-14,88000.0,88900.0,87800.0,88000.0
2018-09-17,87100.0,88700.0,87100.0,88100.0
2018-09-18,88100.0,88100.0,87500.0,88100.0
2018-09-19,88100.0,88300.0,87900.0,88000.0
2018-09-20,88300.0,88300.0,86600.0,87000.0
2018-09-21,87000.0,88500.0,86300.0,88500.0
2018-09-27,88500.0,89500.0,86900.0,87700.0
2018-09-28,88000.0,88500.0,87800.0,88500.0
2018-10-01,88500.0,89800.0,88500.0,89800.0
2018-10-02,89800.0,89900.0,88800.0,89800.0
2018-10-04,89800.0,89800.0,88100.0,88600.0
2018-10-05,88600.0,89600.0,88600.0,89600.0
2018-10-08,89900.0,90100.0,88500.0,89600.0
2018-10-10,89000.0,90500.0,88700.0,90500.0
2018-10-11,88700.0,89900.0,87600.0,88400.0
2018-10-12,88400.0,89100.0,88000.0,89100.0
2018-10-15,89700.0,89700.0,88300.0,88600.0
2018-10-16,89000.0,89000.0,88100.0,89000.0
2018-10-17,88800.0,90000.0,88200.0,88700.0
2018-10-18,88800.0,88800.0,87700.0,88000.0
2018-10-19,88000.0,88300.0,87600.0,88300.0
2018-10-22,87600.0,88200.0,87200.0,87500.0
2018-10-23,87800.0,87800.0,87000.0,87000.0
2018-10-24,86700.0,87600.0,86700.0,87400.0
2018-10-25,87000.0,88000.0,86100.0,87800.0
2018-10-26,88800.0,88800.0,86500.0,87800.0
2018-10-29,87000.0,88900.0,87000.0,88900.0
2018-10-30,88900.0,90000.0,87100.0,87800.0
2018-10-31,87100.0,87400.0,87100.0,87200.0
2018-11-01,86900.0,88300.0,86900.0,87500.0
2018-11-02,87000.0,87900.0,86800.0,87900.0
2018-11-05,87900.0,87900.0,87000.0,87000.0
2018-11-06,86800.0,86800.0,86200.0,86300.0
2018-11-07,86300.0,86400.0,86300.0,86300.0
2018-11-08,86300.0,87900.0,84600.0,87900.0
2018-11-09,86300.0,89000.0,86300.0,88000.0
2018-11-12,86400.0,88300.0,86400.0,86700.0
2018-11-13,88000.0,88000.0,85900.0,87600.0
2018-11-14,88000.0,88000.0,87400.0,87500.0
2018-11-15,87300.0,87900.0,86500.0,87100.0
2018-11-16,87800.0,88400.0,86400.0,87900.0
2018-11-19,88000.0,88000.0,87200.0,88000.0
2018-11-20,88000.0,88000.0,87200.0,87800.0
2018-11-21,87500.0,89000.0,87500.0,88400.0
2018-11-22,88400.0,88800.0,87600.0,87600.0
2018-11-23,86700.0,87800.0,86700.0,87500.0
2018-11-26,88100.0,88500.0,87500.0,88000.0
2018-11-27,88000.0,88200.0,87800.0,87800.0
2018-11-28,87100.0,88400.0,87100.0,87900.0
2018-11-29,88100.0,89500.0,88000.0,88000.0
2018-11-30,88000.0,89000.0,88000.0,89000.0
2018-12-03,89000.0,89400.0,89000.0,89400.0
2018-12-04,88600.0,89700.0,88600.0,89500.0
2018-12-05,88500.0,89500.0,88500.0,88700.0
2018-12-06,88800.0,88800.0,87700.0,87700.0
2018-12-07,87300.0,88000.0,84400.0,84500.0
2018-12-10,85700.0,85700.0,83500.0,84200.0
2018-12-11,84300.0,84600.0,83200.0,83200.0
2018-12-12,84000.0,85000.0,83900.0,85000.0
2018-12-13,85100.0,85200.0,83900.0,85000.0
2018-12-14,84000.0,88300.0,84000.0,88200.0
2018-12-17,88500.0,88700.0,84200.0,88700.0
2018-12-18,88700.0,89000.0,87800.0,88900.0
2018-12-19,89900.0,89900.0,87100.0,88900.0
2018-12-20,88800.0,88800.0,87100.0,87100.0
2018-12-21,86200.0,87900.0,84800.0,87600.0
2018-12-24,87500.0,87500.0,85000.0,85200.0
2018-12-26,85200.0,85700.0,84000.0,84000.0
2018-12-27,83800.0,85300.0,79400.0,85300.0
2018-12-28,86200.0,87000.0,83800.0,85400.0
2019-01-02,84300.0,85800.0,84300.0,85400.0
2019-01-03,85400.0,85800.0,82200.0,85700.0
2019-01-04,85800.0,86500.0,83200.0,84500.0
2019-01-07,85500.0,86400.0,84000.0,85000.0
2019-01-08,84100.0,84600.0,84000.0,84600.0
2019-01-09,85500.0,85500.0,84100.0,84100.0
2019-01-10,83900.0,84300.0,83500.0,84100.0
2019-01-11,84100.0,85500.0,84100.0,85300.0
2019-01-14,84000.0,85000.0,83900.0,84300.0
2019-01-15,84300.0,85000.0,83400.0,84800.0
2019-01-16,84600.0,84800.0,83700.0,84500.0
2019-01-17,83700.0,85000.0,83700.0,83900.0
2019-01-18,83800.0,84900.0,83800.0,84900.0
2019-01-21,83900.0,84300.0,83900.0,84000.0
2019-01-22,83900.0,84300.0,83700.0,83700.0
2019-01-23,83700.0,84900.0,83700.0,84600.0
2019-01-24,85600.0,85600.0,84100.0,84600.0
2019-01-25,84300.0,85800.0,84000.0,84000.0
2019-01-28,84000.0,84300.0,84000.0,84000.0
2019-01-29,83600.0,84200.0,83500.0,83900.0
2019-01-30,83200.0,83800.0,83200.0,83700.0
2019-01-31,84900.0,84900.0,83300.0,83600.0
2019-02-01,84900.0,84900.0,83600.0,83700.0
2019-02-07,83700.0,85000.0,83500.0,83700.0
2019-02-08,83700.0,84700.0,83600.0,83600.0
2019-02-11,83600.0,84400.0,83300.0,83400.0
2019-02-12,84500.0,84500.0,82300.0,82500.0
2019-02-13,82500.0,84000.0,82500.0,83200.0
2019-02-14,84200.0,84200.0,83200.0,83900.0
2019-02-15,83200.0,84000.0,83000.0,83800.0
2019-02-18,83200.0,83900.0,83200.0,83600.0
2019-02-19,83600.0,83600.0,83000.0,83200.0
2019-02-20,83900.0,83900.0,83100.0,83600.0
2019-02-21,83100.0,83600.0,83000.0,83600.0
2019-02-22,83600.0,83800.0,83000.0,83200.0
2019-02-25,83200.0,83200.0,83000.0,83100.0
2019-02-26,83400.0,83400.0,82800.0,83400.0
2019-02-27,83400.0,85000.0,83400.0,84900.0
2019-02-28,84500.0,84600.0,83200.0,83200.0
2019-03-04,83200.0,83600.0,82400.0,82400.0
2019-03-05,83400.0,84400.0,83400.0,84200.0
2019-03-06,83000.0,86300.0,83000.0,86300.0
2019-03-07,86300.0,86300.0,84800.0,84800.0
2019-03-08,84500.0,85500.0,84000.0,85500.0
2019-03-11,85800.0,85800.0,83800.0,85800.0
2019-03-12,85700.0,85700.0,84300.0,85500.0
2019-03-13,85500.0,86000.0,85500.0,86000.0
2019-03-14,86500.0,86500.0,84800.0,85600.0
2019-03-15,85000.0,85000.0,84300.0,84500.0
2019-03-18,84400.0,84600.0,84400.0,84600.0
2019-03-19,84100.0,84200.0,83300.0,84200.0
2019-03-20,84200.0,84300.0,83000.0,83400.0
2019-03-21,83500.0,83500.0,83200.0,83200.0
2019-03-22,83600.0,83600.0,83200.0,83200.0
2019-03-25,83600.0,83600.0,83200.0,83500.0
2019-03-26,84500.0,84500.0,83000.0,83900.0
2019-03-27,84100.0,84100.0,84000.0,84100.0
2019-03-28,84700.0,84700.0,83300.0,84300.0
2019-03-29,83200.0,84000.0,82500.0,84000.0
2019-04-01,84000.0,84000.0,83200.0,83700.0
2019-04-02,83700.0,83700.0,82800.0,82900.0
2019-04-03,82900.0,83800.0,82900.0,83800.0
2019-04-04,83000.0,83100.0,82000.0,82700.0
2019-04-05,82700.0,83800.0,82600.0,82600.0
2019-04-08,82600.0,83100.0,82600.0,82700.0
2019-04-09,82700.0,83000.0,82500.0,82500.0
2019-04-10,82500.0,82500.0,82100.0,82300.0
2019-04-11,82900.0,82900.0,81700.0,82600.0
2019-04-12,82300.0,82600.0,82300.0,82400.0
2019-04-15,82500.0,82700.0,82500.0,82700.0
2019-04-16,83200.0,83200.0,82500.0,83000.0
2019-04-17,83000.0,83000.0,82500.0,82600.0
2019-04-18,83300.0,83300.0,82100.0,82100.0
2019-04-19,82500.0,82700.0,82100.0,82200.0
2019-04-22,82500.0,83400.0,82200.0,83200.0
2019-04-23,83100.0,83200.0,82400.0,83100.0
2019-04-24,83100.0,83100.0,82400.0,83000.0
2019-04-25,83000.0,83000.0,82000.0,83000.0
2019-04-26,83600.0,83600.0,82100.0,82400.0
2019-04-29,81700.0,82200.0,81600.0,81700.0
2019-04-30,81600.0,83300.0,81500.0,82100.0
2019-05-02,83400.0,83400.0,82200.0,83000.0
2019-05-03,82500.0,82900.0,82000.0,82900.0
2019-05-07,82900.0,82900.0,82200.0,82600.0
2019-05-08,82900.0,83800.0,82400.0,83700.0
2019-05-09,82600.0,84400.0,82500.0,84400.0
2019-05-10,83300.0,85000.0,83300.0,84900.0
2019-05-13,84900.0,84900.0,80200.0,82300.0
2019-05-14,81700.0,86500.0,81700.0,86500.0
2019-05-15,86100.0,86400.0,83000.0,86100.0
2019-05-16,86000.0,86000.0,83700.0,86000.0
2019-05-17,85600.0,85900.0,84600.0,85900.0
2019-05-20,85900.0,85900.0,83300.0,84700.0
2019-05-21,84700.0,84700.0,83700.0,84500.0
2019-05-22,85000.0,85000.0,83200.0,83900.0
2019-05-23,83600.0,84600.0,82400.0,84500.0
2019-05-24,83300.0,84800.0,83300.0,84600.0
2019-05-27,83500.0,83800.0,82300.0,82600.0
2019-05-28,82600.0,83400.0,82600.0,82600.0
2019-05-29,83000.0,83000.0,79500.0,79500.0
2019-05-30,79500.0,79600.0,76500.0,76800.0
2019-05-31,76600.0,76600.0,75500.0,75900.0
2019-06-03,75700.0,76900.0,75700.0,76700.0
2019-06-04,77400.0,77800.0,76700.0,77800.0
2019-06-05,78300.0,78600.0,77200.0,78200.0
2019-06-07,78200.0,78400.0,77600.0,78000.0
2019-06-10,79100.0,79100.0,78000.0,78600.0
2019-06-11,78600.0,78600.0,77500.0,78300.0
2019-06-12,78700.0,80900.0,77300.0,79100.0
2019-06-13,78900.0,79100.0,77600.0,77700.0
2019-06-14,77500.0,77700.0,77400.0,77500.0
2019-06-17,77500.0,77800.0,76800.0,77600.0
2019-06-18,77000.0,78500.0,76800.0,78500.0
2019-06-19,77700.0,78500.0,77700.0,78000.0
2019-06-20,78000.0,78500.0,77600.0,78500.0
2019-06-21,78400.0,78400.0,77800.0,78100.0
2019-06-24,78200.0,78200.0,76600.0,77200.0
2019-06-25,77600.0,77600.0,77000.0,77000.0
2019-06-26,76600.0,77100.0,76500.0,76700.0
2019-06-27,76900.0,77500.0,76800.0,77400.0
2019-06-28,77800.0,78000.0,77200.0,77200.0
2019-07-01,77200.0,78200.0,76800.0,77500.0
2019-07-02,77500.0,78300.0,77500.0,77500.0
2019-07-03,76500.0,77400.0,76100.0,76200.0
2019-07-04,75700.0,76400.0,75600.0,75800.0
2019-07-05,77700.0,77700.0,75500.0,75700.0
2019-07-08,75600.0,76800.0,75300.0,75500.0
2019-07-09,74900.0,75500.0,74900.0,75500.0
2019-07-10,76000.0,76000.0,75000.0,75200.0
2019-07-11,75500.0,75700.0,74700.0,75200.0
2019-07-12,77200.0,77200.0,74800.0,75200.0
2019-07-15,75400.0,76000.0,75100.0,76000.0
2019-07-16,75000.0,75900.0,75000.0,75500.0
2019-07-17,76000.0,76000.0,75100.0,76000.0
2019-07-18,75100.0,75100.0,74600.0,74800.0
2019-07-19,75100.0,75100.0,74800.0,74900.0
2019-07-22,75700.0,75700.0,74600.0,75500.0
2019-07-23,74700.0,75900.0,74700.0,75500.0
2019-07-24,74800.0,75800.0,74700.0,75800.0
2019-07-25,76300.0,76400.0,75000.0,75800.0
2019-07-26,74800.0,75800.0,74700.0,75700.0
2019-07-29,75700.0,75700.0,74900.0,75700.0
2019-07-30,75700.0,75900.0,74000.0,74300.0
2019-07-31,73800.0,75900.0,73500.0,74100.0
2019-08-01,73400.0,75800.0,73400.0,74900.0
2019-08-02,76200.0,78000.0,74000.0,75100.0
2019-08-05,74200.0,75400.0,69800.0,69800.0
2019-08-06,65600.0,72600.0,65600.0,70200.0
2019-08-07,72000.0,72100.0,69600.0,70200.0
2019-08-08,71400.0,72500.0,71400.0,72500.0
2019-08-09,73400.0,73500.0,72200.0,72200.0
2019-08-12,70000.0,75000.0,70000.0,75000.0
2019-08-13,74300.0,75600.0,70400.0,70400.0
2019-08-14,71500.0,72500.0,71500.0,71500.0
2019-08-16,71600.0,75000.0,70700.0,70900.0
2019-08-19,71500.0,71500.0,70900.0,70900.0
2019-08-20,71000.0,71600.0,70800.0,71300.0
2019-08-21,71800.0,72900.0,71300.0,72800.0
2019-08-22,73600.0,73600.0,72100.0,72600.0
2019-08-23,72500.0,73000.0,71600.0,71600.0
2019-08-26,70300.0,71200.0,70200.0,70500.0
2019-08-27,71600.0,71600.0,70600.0,70600.0
2019-08-28,70000.0,71300.0,70000.0,70600.0
2019-08-29,70500.0,71200.0,70500.0,70600.0
2019-08-30,71800.0,71800.0,70100.0,70100.0
2019-09-02,70100.0,70400.0,70100.0,70200.0
2019-09-03,70000.0,71500.0,70000.0,70300.0
2019-09-04,70300.0,71000.0,69200.0,69900.0
2019-09-05,69900.0,70400.0,69200.0,69400.0
2019-09-06,68800.0,69000.0,68100.0,68200.0
2019-09-09,68200.0,68700.0,68000.0,68100.0
2019-09-10,68100.0,69000.0,67800.0,67800.0
2019-09-11,68900.0,68900.0,67700.0,67700.0
2019-09-16,69300.0,69700.0,68000.0,69000.0
2019-09-17,69000.0,69500.0,69000.0,69500.0
2019-09-18,69500.0,69600.0,69000.0,69100.0
2019-09-19,69400.0,70300.0,68600.0,68700.0
2019-09-20,70600.0,70600.0,67800.0,68300.0
2019-09-23,68300.0,69500.0,68300.0,68600.0
2019-09-24,68600.0,69200.0,68600.0,68600.0
2019-09-25,68200.0,69100.0,68100.0,68100.0
2019-09-26,68400.0,70600.0,68400.0,68600.0
2019-09-27,68000.0,68600.0,68000.0,68000.0
2019-09-30,68000.0,68000.0,67200.0,67200.0
2019-10-01,67600.0,68500.0,67300.0,68400.0
2019-10-02,68400.0,69500.0,68400.0,68500.0
2019-10-04,68400.0,68400.0,68100.0,68100.0
2019-10-07,68100.0,68500.0,67500.0,67500.0
2019-10-08,68000.0,68000.0,67400.0,67400.0
2019-10-10,68300.0,68300.0,68100.0,68200.0
2019-10-11,68200.0,68800.0,68200.0,68600.0
2019-10-14,68600.0,69000.0,68600.0,68800.0
2019-10-15,68800.0,69200.0,68800.0,69200.0
2019-10-16,69200.0,69500.0,68700.0,69300.0
2019-10-17,69300.0,69300.0,68200.0,68700.0
2019-10-18,68600.0,68700.0,68000.0,68700.0
2019-10-21,68700.0,68900.0,68600.0,68600.0
2019-10-22,70000.0,70000.0,67500.0,69500.0
2019-10-23,68700.0,69900.0,68300.0,68300.0
2019-10-24,68300.0,68300.0,66800.0,67200.0
2019-10-25,67700.0,68600.0,67000.0,68600.0
2019-10-28,67500.0,68500.0,67500.0,67700.0
2019-10-29,67400.0,68600.0,67400.0,67700.0
2019-10-30,67700.0,68600.0,67400.0,67800.0
2019-10-31,68200.0,68400.0,67500.0,67800.0
2019-11-01,68600.0,68600.0,68600.0,68600.0
2019-11-04,69000.0,69000.0,68200.0,68500.0
2019-11-05,68500.0,69200.0,68500.0,69200.0
2019-11-06,68400.0,70000.0,68400.0,69600.0
2019-11-07,69700.0,70600.0,69600.0,70100.0
2019-11-08,70300.0,72300.0,69800.0,70400.0
2019-11-11,71000.0,72600.0,70900.0,70900.0
2019-11-12,70000.0,70900.0,70000.0,70400.0
2019-11-13,69900.0,71600.0,69900.0,71400.0
2019-11-14,70800.0,70900.0,70700.0,70800.0
2019-11-15,68700.0,70500.0,68700.0,70200.0
2019-11-18,70500.0,71700.0,70200.0,71300.0
2019-11-19,70400.0,72500.0,70400.0,72000.0
2019-11-20,72000.0,77400.0,72000.0,73200.0
2019-11-21,72500.0,73600.0,72100.0,72200.0
2019-11-22,71900.0,75000.0,70500.0,70700.0
2019-11-25,70700.0,70700.0,70700.0,70700.0
2019-11-26,70700.0,72100.0,69600.0,69600.0
2019-11-27,69700.0,70300.0,69600.0,69600.0
2019-11-28,69900.0,70300.0,69500.0,70300.0
2019-11-29,71100.0,72300.0,69800.0,71800.0
2019-12-02,72000.0,72000.0,70200.0,71400.0
2019-12-03,70200.0,71400.0,70200.0,71400.0
2019-12-04,71400.0,72500.0,69000.0,69100.0
2019-12-05,69500.0,71500.0,69500.0,71500.0
2019-12-06,71400.0,88200.0,71400.0,72000.0
2019-12-09,72000.0,74500.0,67600.0,72000.0
2019-12-10,71100.0,72900.0,70800.0,70900.0
2019-12-11,70400.0,71000.0,69800.0,70700.0
2019-12-12,70700.0,72000.0,70700.0,72000.0
2019-12-13,71500.0,73400.0,70700.0,73400.0
2019-12-16,72500.0,72500.0,71500.0,72000.0
2019-12-17,71400.0,71700.0,71000.0,71100.0
2019-12-18,71100.0,72500.0,71100.0,71200.0
2019-12-19,71200.0,74000.0,71100.0,72000.0
2019-12-20,72000.0,73100.0,72000.0,72900.0
2019-12-23,72900.0,72900.0,71700.0,72800.0
2019-12-24,71500.0,73000.0,71200.0,71200.0
2019-12-26,71300.0,71300.0,70600.0,71300.0
2019-12-27,70600.0,71400.0,70600.0,71400.0
2019-12-30,72500.0,72700.0,70600.0,70600.0
2020-01-02,70800.0,73000.0,70800.0,72300.0
2020-01-03,71900.0,72100.0,70900.0,71700.0
2020-01-06,71700.0,73000.0,70500.0,73000.0
2020-01-07,71900.0,72000.0,71900.0,72000.0
2020-01-08,71100.0,71100.0,71000.0,71100.0
2020-01-09,71100.0,71800.0,69400.0,69400.0
2020-01-10,68800.0,70000.0,68800.0,69700.0
2020-01-13,69000.0,71500.0,69000.0,70200.0
2020-01-14,70200.0,70200.0,69300.0,69400.0
2020-01-15,69000.0,71200.0,68900.0,71000.0
2020-01-16,70800.0,70800.0,69700.0,69800.0
2020-01-17,69800.0,71800.0,69200.0,70000.0
2020-01-20,69800.0,70500.0,69800.0,69900.0
2020-01-21,69900.0,69900.0,69100.0,69800.0
2020-01-22,70100.0,70200.0,69700.0,69800.0
2020-01-23,69700.0,70100.0,69700.0,69800.0
2020-01-28,69800.0,70600.0,68900.0,70600.0
2020-01-29,69800.0,70500.0,69800.0,70500.0
2020-01-30,70500.0,70500.0,69000.0,69100.0
2020-01-31,68700.0,72700.0,68700.0,72500.0
2020-02-03,74000.0,74000.0,70600.0,71500.0
2020-02-04,71800.0,71800.0,70300.0,70700.0
2020-02-05,70700.0,70700.0,70000.0,70100.0
2020-02-06,70000.0,71100.0,69900.0,70100.0
2020-02-07,69400.0,70800.0,69400.0,70000.0
2020-02-10,70100.0,70200.0,69500.0,70000.0
2020-02-11,70000.0,70700.0,69200.0,70700.0
2020-02-12,70000.0,70400.0,69000.0,70000.0
2020-02-13,69400.0,69400.0,69100.0,69400.0
2020-02-14,69400.0,70300.0,69400.0,70200.0
2020-02-17,69900.0,69900.0,69300.0,69400.0
2020-02-18,69400.0,70600.0,69100.0,70500.0
2020-02-19,69500.0,70400.0,69200.0,69300.0
2020-02-20,69400.0,69400.0,68900.0,69200.0
2020-02-21,69200.0,70000.0,69200.0,70000.0
2020-02-24,69000.0,70300.0,65100.0,68500.0
2020-02-25,68500.0,70200.0,68500.0,70200.0
2020-02-26,68600.0,70200.0,68500.0,70200.0
2020-02-27,69300.0,70300.0,69300.0,69600.0
2020-02-28,68800.0,70500.0,68800.0,69500.0
2020-03-02,75900.0,75900.0,68400.0,70800.0
2020-03-03,69700.0,70100.0,69200.0,70100.0
2020-03-04,69300.0,70600.0,69300.0,70600.0
2020-03-05,70600.0,71600.0,70600.0,71600.0
2020-03-06,70900.0,72400.0,70600.0,72400.0
2020-03-09,72400.0,72400.0,70400.0,72100.0
2020-03-10,72100.0,72100.0,70400.0,71100.0
2020-03-11,71300.0,71500.0,70100.0,71100.0
2020-03-12,70200.0,70300.0,69000.0,69000.0
2020-03-13,68700.0,68900.0,66800.0,68800.0
2020-03-16,68800.0,71200.0,67800.0,68000.0
2020-03-17,69300.0,69300.0,63100.0,68700.0
2020-03-18,68700.0,69900.0,66500.0,66500.0
2020-03-19,66700.0,68500.0,64100.0,66900.0
2020-03-20,66900.0,66900.0,63000.0,64500.0
2020-03-23,64500.0,64500.0,60700.0,61700.0
2020-03-24,61900.0,61900.0,59500.0,60900.0
2020-03-25,60900.0,63300.0,60300.0,60700.0
2020-03-26,62400.0,62400.0,60000.0,61000.0
2020-03-27,61600.0,62000.0,60500.0,61300.0
2020-03-30,61200.0,61200.0,58800.0,60800.0
2020-03-31,60800.0,61300.0,60000.0,61300.0
2020-04-01,61300.0,62000.0,60100.0,62000.0
2020-04-02,61300.0,63400.0,61200.0,63400.0
2020-04-03,63300.0,69500.0,63300.0,67100.0
2020-04-06,67900.0,69600.0,67100.0,68000.0
2020-04-07,68000.0,69900.0,68000.0,69500.0
2020-04-08,69300.0,70200.0,68900.0,70200.0
2020-04-09,70200.0,71500.0,69400.0,70700.0
2020-04-10,70700.0,73900.0,69000.0,72100.0
2020-04-13,72100.0,72100.0,70600.0,71500.0
2020-04-14,71500.0,73000.0,71100.0,72000.0
2020-04-16,72000.0,72800.0,70300.0,70500.0
2020-04-17,70900.0,74100.0,69000.0,69000.0
2020-04-20,69100.0,71300.0,69100.0,69800.0
2020-04-21,72000.0,72100.0,67600.0,68600.0
2020-04-22,67100.0,68900.0,67100.0,68100.0
2020-04-23,68100.0,70000.0,68000.0,68400.0
2020-04-24,68500.0,71500.0,68500.0,70300.0
2020-04-27,70300.0,70300.0,69000.0,69500.0
2020-04-28,68900.0,70000.0,68200.0,69000.0
2020-04-29,68600.0,69700.0,68600.0,69600.0
2020-05-04,69500.0,86500.0,68000.0,72700.0
2020-05-06,73200.0,75100.0,70400.0,70700.0
2020-05-07,70600.0,71400.0,70400.0,71400.0
2020-05-08,70200.0,72700.0,70200.0,71600.0
2020-05-11,71600.0,80000.0,71500.0,77500.0
2020-05-12,77500.0,78400.0,76900.0,77800.0
2020-05-13,77800.0,79900.0,73500.0,79500.0
2020-05-14,78500.0,81700.0,75600.0,78800.0
2020-05-15,78000.0,78600.0,76200.0,77300.0
2020-05-18,77300.0,80000.0,77300.0,79500.0
2020-05-19,79500.0,80200.0,78600.0,78600.0
2020-05-20,76500.0,79800.0,76500.0,78300.0
2020-05-21,79600.0,81800.0,78200.0,79600.0
2020-05-22,80200.0,80200.0,78300.0,78300.0
2020-05-25,78000.0,78300.0,77400.0,77800.0
2020-05-26,77000.0,78000.0,77000.0,77900.0
2020-05-27,77100.0,78900.0,77000.0,77600.0
2020-05-28,77600.0,77700.0,75700.0,75700.0
2020-05-29,75000.0,77700.0,74100.0,74400.0
2020-06-01,74400.0,75700.0,74400.0,75600.0
2020-06-02,77000.0,77000.0,75000.0,76800.0
2020-06-03,75900.0,76300.0,70600.0,71100.0
2020-06-04,72300.0,72300.0,71300.0,71800.0
2020-06-05,72000.0,72000.0,70900.0,71400.0
2020-06-08,71300.0,71500.0,70600.0,71500.0
2020-06-09,71700.0,71700.0,71100.0,71600.0
2020-06-10,71400.0,71600.0,70600.0,71400.0
2020-06-11,71400.0,72500.0,69700.0,70700.0
2020-06-12,71700.0,71700.0,66300.0,69700.0
2020-06-15,69500.0,70400.0,67500.0,68900.0
2020-06-16,68800.0,69800.0,68700.0,68900.0
2020-06-17,71100.0,71400.0,69300.0,69700.0
2020-06-18,70000.0,72000.0,68800.0,71500.0
2020-06-19,70600.0,71900.0,70000.0,70300.0
2020-06-22,70500.0,70500.0,67800.0,68600.0
2020-06-23,68600.0,69500.0,68000.0,68300.0
2020-06-24,68300.0,69500.0,68200.0,69000.0
2020-06-25,68200.0,68900.0,68000.0,68900.0
2020-06-26,68900.0,69500.0,68900.0,68900.0
2020-06-29,67800.0,68900.0,67800.0,68900.0
2020-06-30,68900.0,69500.0,68100.0,68900.0
2020-07-01,68900.0,69400.0,68000.0,68300.0
2020-07-02,68600.0,68800.0,67500.0,68400.0
2020-07-03,69500.0,69500.0,68400.0,69300.0
2020-07-06,69500.0,69500.0,68100.0,68700.0
2020-07-07,68400.0,69100.0,68100.0,68300.0
2020-07-08,68900.0,68900.0,67700.0,68100.0
2020-07-09,69000.0,69000.0,67800.0,68400.0
2020-07-10,69500.0,69500.0,67400.0,67600.0
2020-07-13,67600.0,68400.0,67300.0,67700.0
2020-07-14,67500.0,68200.0,67500.0,68200.0
2020-07-15,68900.0,68900.0,67800.0,68000.0
2020-07-16,69000.0,69000.0,67900.0,68100.0
2020-07-17,67700.0,68400.0,67700.0,68200.0
2020-07-20,68700.0,68700.0,67800.0,68100.0
2020-07-21,67700.0,68100.0,67600.0,67800.0
2020-07-22,67200.0,68000.0,67000.0,68000.0
2020-07-23,68600.0,68600.0,67400.0,67900.0
2020-07-24,68300.0,68300.0,66800.0,67600.0
2020-07-27,67100.0,69300.0,66900.0,68600.0
2020-07-28,69000.0,69400.0,68100.0,68100.0
2020-07-29,68100.0,68100.0,67200.0,67400.0
2020-07-30,67200.0,67500.0,66400.0,67200.0
2020-07-31,66600.0,67000.0,66300.0,66800.0
2020-08-03,66600.0,66600.0,65600.0,65800.0
2020-08-04,65700.0,66300.0,65400.0,66000.0
2020-08-05,66000.0,66100.0,65600.0,65700.0
2020-08-06,65700.0,66300.0,65600.0,65800.0
2020-08-07,65800.0,67300.0,65800.0,66500.0
2020-08-10,65800.0,67800.0,65800.0,66700.0
2020-08-11,66300.0,67300.0,66200.0,66700.0
2020-08-12,67200.0,67500.0,66200.0,67400.0
2020-08-13,67700.0,68500.0,67600.0,68300.0
2020-08-14,69400.0,69400.0,67300.0,68000.0
2020-08-18,68400.0,68400.0,67300.0,67400.0
2020-08-19,67400.0,69000.0,66700.0,67500.0
2020-08-20,66600.0,69400.0,66600.0,68000.0
2020-08-21,67900.0,69000.0,67200.0,68300.0
2020-08-24,68300.0,69300.0,67900.0,68000.0
2020-08-25,68000.0,68200.0,67300.0,67900.0
2020-08-26,68600.0,68600.0,66200.0,66400.0
2020-08-27,65100.0,66700.0,65100.0,66400.0
2020-08-28,66000.0,66700.0,66000.0,66600.0
2020-08-31,66800.0,69400.0,66800.0,67900.0
2020-09-01,67600.0,69500.0,67500.0,68000.0
2020-09-02,68000.0,69300.0,67800.0,69200.0
2020-09-03,69200.0,70500.0,68600.0,70300.0
2020-09-04,69200.0,70400.0,69200.0,69700.0
2020-09-07,70300.0,70400.0,69200.0,70300.0
2020-09-08,70700.0,70700.0,69100.0,70300.0
2020-09-09,70500.0,70500.0,69200.0,69200.0
2020-09-10,69200.0,70000.0,69100.0,70000.0
2020-09-11,70500.0,70500.0,68700.0,70000.0
2020-09-14,72700.0,72700.0,70100.0,71700.0
2020-09-15,71100.0,93200.0,70700.0,93100.0
2020-09-16,84800.0,87800.0,79000.0,79700.0
2020-09-17,79500.0,79500.0,75500.0,79000.0
2020-09-18,78000.0,78800.0,77000.0,77500.0
2020-09-21,78100.0,78600.0,75600.0,77500.0
2020-09-22,77300.0,77300.0,75000.0,77200.0
2020-09-23,77200.0,78400.0,76300.0,78200.0
2020-09-24,76100.0,80600.0,74600.0,77400.0
2020-09-25,77400.0,78800.0,76000.0,77500.0
2020-09-28,76300.0,79700.0,76300.0,76600.0
2020-09-29,78000.0,78000.0,75500.0,77600.0
2020-10-05,77600.0,79000.0,76000.0,77200.0
2020-10-06,78700.0,83000.0,72900.0,73000.0
2020-10-07,74000.0,75500.0,72900.0,73300.0
2020-10-08,73900.0,74000.0,72600.0,73300.0
2020-10-12,73300.0,73300.0,72800.0,73300.0
2020-10-13,73000.0,74300.0,73000.0,74200.0
2020-10-14,73100.0,74800.0,73100.0,74100.0
2020-10-15,74200.0,83500.0,74200.0,77500.0
2020-10-16,77600.0,81300.0,77100.0,77500.0
2020-10-19,78500.0,81000.0,76700.0,76800.0
2020-10-20,76700.0,78000.0,75300.0,76000.0
2020-10-21,76000.0,78400.0,75400.0,77800.0
2020-10-22,78000.0,80600.0,78000.0,79000.0
2020-10-23,80900.0,81400.0,79300.0,81400.0
2020-10-26,81400.0,82000.0,80500.0,80700.0
2020-10-27,80300.0,82700.0,78100.0,81000.0
2020-10-28,81700.0,82900.0,81000.0,82900.0
2020-10-29,83500.0,83700.0,81600.0,83400.0
2020-10-30,83400.0,84700.0,83000.0,84600.0
2020-11-02,84600.0,86000.0,84000.0,85800.0
2020-11-03,85900.0,90000.0,85900.0,89500.0
2020-11-04,90000.0,92000.0,89500.0,90500.0
2020-11-05,90500.0,94900.0,90500.0,94400.0
2020-11-06,94600.0,96000.0,90700.0,92800.0
2020-11-09,92900.0,95200.0,92800.0,94000.0
2020-11-10,93900.0,95400.0,92000.0,92500.0
2020-11-11,92500.0,93300.0,86300.0,91300.0
2020-11-12,91400.0,92700.0,90300.0,91800.0
2020-11-13,91400.0,94500.0,91100.0,91900.0
2020-11-16,91500.0,95600.0,90000.0,92200.0
2020-11-17,92200.0,93000.0,90200.0,91000.0
2020-11-18,91000.0,94000.0,90400.0,93000.0
2020-11-19,95600.0,96000.0,92100.0,93700.0
2020-11-20,95700.0,96900.0,93300.0,93400.0
2020-11-23,93500.0,96500.0,93000.0,93100.0
2020-11-24,93100.0,95500.0,92000.0,93200.0
2020-11-25,93500.0,93900.0,93000.0,93200.0
2020-11-26,92400.0,96900.0,91200.0,93400.0
2020-11-27,93900.0,96000.0,93200.0,94400.0
2020-11-30,94400.0,96400.0,94400.0,95200.0
2020-12-01,95200.0,96800.0,94000.0,94100.0
2020-12-02,94500.0,94600.0,93500.0,94300.0
2020-12-03,96200.0,96200.0,93400.0,94000.0
2020-12-04,94100.0,95400.0,92000.0,92000.0
2020-12-07,94000.0,94000.0,85200.0,90000.0
2020-12-08,91000.0,91500.0,87100.0,90300.0
2020-12-09,88900.0,108500.0,88900.0,95300.0
2020-12-10,95600.0,98800.0,95300.0,98800.0
2020-12-11,99900.0,104500.0,98000.0,100500.0
2020-12-14,108000.0,115000.0,98500.0,99200.0
2020-12-15,99000.0,103000.0,98700.0,99500.0
2020-12-16,99500.0,103500.0,96000.0,99000.0
2020-12-17,98800.0,99600.0,98000.0,98700.0
2020-12-18,99500.0,100500.0,98100.0,98800.0
2020-12-21,101000.0,101500.0,97700.0,97900.0
2020-12-22,98200.0,99000.0,96000.0,96000.0
2020-12-23,96000.0,97000.0,93400.0,93500.0
2020-12-24,95300.0,95300.0,92700.0,94000.0
2020-12-28,94000.0,98200.0,94000.0,94200.0
2020-12-29,92900.0,92900.0,88600.0,90400.0
2020-12-30,88700.0,91700.0,88600.0,90500.0
2021-01-04,89500.0,89600.0,87800.0,89000.0
2021-01-05,89100.0,91000.0,88500.0,89000.0
2021-01-06,88600.0,90400.0,87800.0,89000.0
2021-01-07,89000.0,90400.0,88500.0,89100.0
2021-01-08,89600.0,90100.0,88700.0,90000.0
2021-01-11,90000.0,90100.0,87600.0,90000.0
2021-01-12,90200.0,90300.0,88300.0,90300.0
2021-01-13,90500.0,91000.0,89000.0,89900.0
2021-01-14,89900.0,90400.0,88500.0,89700.0
2021-01-15,89800.0,90500.0,88800.0,90400.0
2021-01-18,90400.0,90500.0,89000.0,89900.0
2021-01-19,88900.0,89700.0,88300.0,89600.0
2021-01-20,89600.0,89600.0,88300.0,89300.0
2021-01-21,89300.0,89300.0,88400.0,88500.0
2021-01-22,88600.0,88800.0,87200.0,88800.0
2021-01-25,88700.0,89300.0,86400.0,89200.0
2021-01-26,89200.0,89400.0,87900.0,89300.0
2021-01-27,89300.0,89900.0,88200.0,88300.0
2021-01-28,88300.0,88800.0,88200.0,88800.0
2021-01-29,88100.0,89000.0,86500.0,89000.0
2021-02-01,89000.0,89400.0,87600.0,88200.0
2021-02-02,88400.0,89700.0,87600.0,87600.0
2021-02-03,87900.0,88500.0,86700.0,88000.0
2021-02-04,88000.0,88000.0,87200.0,87200.0
2021-02-05,87200.0,88000.0,86600.0,87400.0
2021-02-08,87900.0,88800.0,86300.0,88800.0
2021-02-09,88700.0,93000.0,88200.0,93000.0
2021-02-10,94000.0,95500.0,89700.0,95000.0
2021-02-15,96000.0,100000.0,95000.0,97700.0
2021-02-16,99000.0,99000.0,96400.0,98100.0
2021-02-17,97800.0,101500.0,97100.0,99600.0
2021-02-18,99400.0,100500.0,98000.0,100000.0
2021-02-19,99400.0,100500.0,99000.0,99900.0
2021-02-22,100500.0,103000.0,92000.0,93100.0
2021-02-23,93600.0,96100.0,92600.0,93700.0
2021-02-24,94300.0,95000.0,93000.0,94500.0
2021-02-25,95500.0,97400.0,93600.0,97400.0
2021-02-26,97700.0,98000.0,95800.0,97000.0
2021-03-02,97000.0,97000.0,94000.0,94600.0
2021-03-03,95000.0,95200.0,94000.0,94200.0
2021-03-04,93700.0,94400.0,92500.0,94100.0
2021-03-05,93700.0,95400.0,93600.0,94000.0
2021-03-08,93000.0,94600.0,93000.0,93900.0
2021-03-09,93900.0,96800.0,93600.0,93700.0
2021-03-10,95500.0,95500.0,92900.0,93200.0
2021-03-11,92700.0,92700.0,90900.0,91200.0
2021-03-12,91300.0,91300.0,88700.0,90000.0
2021-03-15,89800.0,90600.0,88400.0,90000.0
2021-03-16,90100.0,90600.0,89000.0,89700.0
2021-03-17,89700.0,90400.0,89200.0,89900.0
2021-03-18,89900.0,90400.0,88800.0,89100.0
2021-03-19,88900.0,89900.0,88600.0,89600.0
2021-03-22,89600.0,89800.0,88700.0,89400.0
2021-03-23,89700.0,89800.0,88500.0,88800.0
2021-03-24,88500.0,88700.0,87200.0,87800.0
2021-03-25,87900.0,88400.0,86900.0,87400.0
2021-03-26,87700.0,88500.0,87200.0,88000.0
2021-03-29,88500.0,88700.0,87900.0,88600.0
2021-03-30,88000.0,89100.0,87900.0,88600.0
2021-03-31,88600.0,89100.0,88500.0,88800.0
2021-04-01,89100.0,89200.0,88800.0,89100.0
2021-04-02,89100.0,90000.0,89100.0,89800.0
2021-04-05,90000.0,90400.0,90000.0,90200.0
2021-04-06,90200.0,90500.0,89400.0,90000.0
2021-04-07,90000.0,90400.0,89900.0,90200.0
2021-04-08,90200.0,90500.0,90000.0,90500.0
2021-04-09,90700.0,90900.0,90300.0,90900.0
2021-04-12,90900.0,92600.0,90200.0,92600.0
2021-04-13,92600.0,95900.0,92600.0,95400.0
2021-04-14,95400.0,96900.0,95000.0,96300.0
2021-04-15,96300.0,97800.0,95200.0,96900.0
2021-04-16,96900.0,97700.0,96900.0,97400.0
2021-04-19,97100.0,97400.0,96700.0,97000.0
2021-04-20,97000.0,99200.0,97000.0,98200.0
2021-04-21,98500.0,99400.0,98000.0,99400.0
2021-04-22,99500.0,106000.0,99500.0,105500.0
2021-04-23,105500.0,105500.0,101000.0,103500.0
2021-04-26,103500.0,105000.0,101500.0,103000.0
2021-04-27,103000.0,103000.0,100000.0,100000.0
2021-04-28,101000.0,102500.0,101000.0,102000.0
2021-04-29,102000.0,102000.0,99900.0,101500.0
2021-04-30,100000.0,100500.0,98100.0,100500.0
2021-05-03,100500.0,101000.0,100000.0,100500.0
2021-05-04,100500.0,100500.0,98900.0,100500.0
2021-05-06,100500.0,104000.0,99500.0,102000.0
2021-05-07,102500.0,102500.0,101000.0,102000.0
2021-05-10,103000.0,103500.0,102000.0,103500.0
2021-05-11,103500.0,103500.0,100000.0,102500.0
2021-05-12,102500.0,102500.0,99600.0,101000.0
2021-05-13,101000.0,102000.0,99700.0,102000.0
2021-05-14,102500.0,102500.0,101500.0,102500.0
2021-05-17,103000.0,113500.0,103000.0,108000.0
2021-05-18,108000.0,140000.0,108000.0,140000.0
2021-05-20,155500.0,171000.0,145000.0,148000.0
2021-05-21,154000.0,156000.0,138500.0,138500.0
2021-05-24,135500.0,135500.0,127000.0,130500.0
2021-05-25,127500.0,130500.0,126000.0,128500.0
2021-05-26,127500.0,128500.0,126000.0,128500.0
2021-05-27,128000.0,131000.0,126000.0,129000.0
2021-05-28,129000.0,132500.0,128500.0,128500.0
2021-05-31,130500.0,130500.0,126000.0,127500.0
2021-06-01,126500.0,127000.0,123500.0,127000.0
2021-06-02,127500.0,135500.0,125500.0,135000.0
2021-06-03,135000.0,135000.0,131500.0,132500.0
2021-06-04,132500.0,132500.0,129500.0,131500.0
2021-06-07,131500.0,132500.0,129500.0,131000.0
2021-06-08,131500.0,131500.0,130000.0,130000.0
2021-06-09,130500.0,133000.0,130500.0,132000.0
2021-06-10,131500.0,133500.0,130500.0,132000.0
2021-06-11,133000.0,134000.0,130500.0,133000.0
2021-06-14,138500.0,146000.0,134500.0,135500.0
2021-06-15,139000.0,145000.0,135000.0,145000.0
2021-06-16,140500.0,144000.0,133000.0,144000.0
2021-06-17,143000.0,145500.0,139000.0,143000.0
2021-06-18,143000.0,143500.0,137500.0,139500.0
2021-06-21,137000.0,142000.0,135000.0,139000.0
2021-06-22,138000.0,140000.0,137000.0,139000.0
2021-06-23,139000.0,141000.0,138500.0,139500.0
2021-06-24,139500.0,141000.0,137500.0,140500.0
2021-06-25,141500.0,142000.0,140500.0,141500.0
2021-06-28,142000.0,152500.0,142000.0,149000.0
2021-06-29,146000.0,148000.0,140500.0,142000.0
2021-06-30,143000.0,145500.0,143000.0,144500.0
2021-07-01,144500.0,145000.0,140500.0,143000.0
2021-07-02,143000.0,143500.0,141000.0,142500.0
2021-07-05,142500.0,143000.0,140000.0,141500.0
2021-07-06,143000.0,143000.0,141500.0,142000.0
2021-07-07,141000.0,142500.0,138500.0,141500.0
2021-07-08,143000.0,143000.0,140000.0,140000.0
2021-07-09,138500.0,140000.0,136500.0,139500.0
2021-07-12,139000.0,140500.0,139000.0,140500.0
2021-07-13,139000.0,141000.0,139000.0,140000.0
2021-07-14,140000.0,142000.0,139500.0,140000.0
2021-07-15,140000.0,140500.0,139500.0,140000.0
2021-07-16,140500.0,140500.0,138500.0,139000.0
2021-07-19,139000.0,139500.0,138000.0,139000.0
2021-07-20,138500.0,139000.0,136500.0,138000.0
2021-07-21,140000.0,140000.0,136000.0,137000.0
2021-07-22,137000.0,138000.0,137000.0,137500.0
2021-07-23,137000.0,138000.0,136500.0,138000.0
2021-07-26,140000.0,140000.0,137500.0,138000.0
2021-07-27,139000.0,139000.0,137500.0,137500.0
2021-07-28,137500.0,138000.0,137000.0,138000.0
2021-07-29,138000.0,138000.0,136000.0,137000.0
2021-07-30,137000.0,138500.0,136500.0,137000.0
2021-08-02,137000.0,137500.0,135500.0,136500.0
2021-08-03,138500.0,138500.0,136500.0,138000.0
2021-08-04,138000.0,139500.0,137500.0,138500.0
2021-08-05,138500.0,142500.0,138000.0,141500.0
2021-08-06,141500.0,143000.0,140000.0,140000.0
2021-08-09,141000.0,142500.0,139500.0,141000.0
2021-08-10,141000.0,141500.0,140000.0,141000.0
2021-08-11,142000.0,142000.0,139500.0,140000.0
2021-08-12,140000.0,142000.0,139500.0,140500.0
2021-08-13,141500.0,141500.0,139000.0,140500.0
2021-08-17,140500.0,141500.0,138000.0,140000.0
2021-08-18,138500.0,141500.0,138000.0,141000.0
2021-08-19,141000.0,142500.0,140000.0,140500.0
2021-08-20,141000.0,141500.0,140000.0,141500.0
2021-08-23,141000.0,143500.0,141000.0,143500.0
2021-08-24,143500.0,146500.0,142000.0,142500.0
2021-08-25,143500.0,143500.0,141500.0,143000.0
2021-08-26,142500.0,145000.0,141500.0,143500.0
2021-08-27,143500.0,148000.0,143500.0,146500.0
2021-08-30,148000.0,150000.0,145500.0,150000.0
2021-08-31,150000.0,157000.0,147500.0,157000.0
2021-09-01,157000.0,162000.0,155500.0,156500.0
2021-09-02,158000.0,158000.0,151000.0,152000.0
2021-09-03,151500.0,154000.0,151000.0,153000.0
2021-09-06,153000.0,154000.0,152000.0,153000.0
2021-09-07,152500.0,153000.0,148000.0,152500.0
2021-09-08,152000.0,153500.0,150500.0,152000.0
2021-09-09,153000.0,157000.0,152000.0,153500.0
2021-09-10,154000.0,156000.0,153000.0,155000.0
2021-09-13,156000.0,165000.0,154000.0,159000.0
2021-09-14,161000.0,161000.0,155000.0,157000.0
2021-09-15,159000.0,159000.0,155000.0,155500.0
2021-09-16,162000.0,187000.0,158000.0,178500.0
2021-09-17,181500.0,184000.0,168500.0,170000.0
2021-09-23,170000.0,175000.0,167000.0,173000.0
2021-09-24,171500.0,176000.0,170000.0,170500.0
2021-09-27,170500.0,178000.0,168500.0,177500.0
2021-09-28,188500.0,207000.0,178000.0,178000.0
2021-09-29,174500.0,187000.0,174500.0,177000.0
2021-09-30,177000.0,178500.0,173000.0,175500.0
2021-10-01,176500.0,182000.0,175000.0,176500.0
2021-10-05,175500.0,181000.0,175500.0,180000.0
2021-10-06,184000.0,184500.0,175000.0,176500.0
2021-10-07,174500.0,176000.0,171500.0,173000.0
2021-10-08,173500.0,177500.0,173000.0,175000.0
2021-10-12,177000.0,179500.0,175500.0,177000.0
2021-10-13,179000.0,179000.0,173500.0,175000.0
2021-10-14,175000.0,177500.0,171500.0,173000.0
2021-10-15,174000.0,174000.0,172000.0,173000.0
2021-10-18,173000.0,175000.0,170500.0,174000.0
2021-10-19,174000.0,174000.0,170500.0,172000.0
2021-10-20,172000.0,172000.0,168000.0,168000.0
2021-10-21,168000.0,169000.0,162000.0,165500.0
2021-10-22,165500.0,165500.0,162000.0,164000.0
2021-10-25,166000.0,167500.0,164000.0,166000.0
2021-10-26,168000.0,168000.0,166000.0,167500.0
2021-10-27,167500.0,167500.0,165000.0,166500.0
2021-10-28,166500.0,167500.0,164000.0,167500.0
2021-10-29,167500.0,167500.0,164500.0,166000.0
2021-11-01,166000.0,166000.0,160500.0,164000.0
2021-11-02,164000.0,165500.0,163500.0,165500.0
2021-11-03,164000.0,166000.0,164000.0,164500.0
2021-11-04,165000.0,165500.0,164000.0,164000.0
2021-11-05,164000.0,166000.0,164000.0,165500.0
2021-11-08,165500.0,165500.0,164000.0,165500.0
2021-11-09,165500.0,167500.0,164500.0,167000.0
2021-11-10,167000.0,167000.0,165000.0,167000.0
2021-11-11,168000.0,168000.0,164500.0,165000.0
2021-11-12,166500.0,166500.0,164000.0,165000.0
2021-11-15,165000.0,166500.0,164000.0,164500.0
2021-11-16,164500.0,165000.0,164000.0,164000.0
2021-11-17,164000.0,164500.0,163500.0,164500.0
2021-11-18,164500.0,165000.0,162000.0,163000.0
2021-11-19,162000.0,162500.0,160500.0,160500.0
2021-11-22,161500.0,161500.0,159000.0,160000.0
2021-11-23,160000.0,162500.0,160000.0,160000.0
2021-11-24,160000.0,161500.0,159000.0,159000.0
2021-11-25,159000.0,160500.0,158000.0,160500.0
2021-11-26,160000.0,161000.0,159500.0,160500.0
2021-11-29,158500.0,161000.0,156000.0,160000.0
2021-11-30,160000.0,160000.0,157000.0,157500.0
2021-12-01,154000.0,159000.0,154000.0,159000.0
2021-12-02,156000.0,159500.0,156000.0,159000.0
2021-12-03,159000.0,161000.0,158500.0,160000.0
2021-12-06,160500.0,162000.0,159000.0,161000.0
2021-12-07,161000.0,163000.0,160000.0,162000.0
2021-12-08,162000.0,163000.0,162000.0,162500.0
2021-12-09,162500.0,163000.0,161500.0,163000.0
2021-12-10,163500.0,163500.0,159000.0,159500.0
2021-12-13,159500.0,162500.0,159500.0,161500.0
2021-12-14,162500.0,162500.0,159500.0,159500.0
2021-12-15,161000.0,161500.0,157500.0,157500.0
2021-12-16,159500.0,161500.0,158500.0,161000.0
2021-12-17,161000.0,163000.0,160000.0,161000.0
2021-12-20,163000.0,163000.0,158000.0,158500.0
2021-12-21,159500.0,162000.0,158000.0,159500.0
2021-12-22,161000.0,167000.0,159500.0,162500.0
2021-12-23,164500.0,167000.0,164000.0,166000.0
2021-12-24,166000.0,168000.0,165000.0,168000.0
2021-12-27,167500.0,172500.0,165000.0,172000.0
2021-12-28,172000.0,179000.0,172000.0,179000.0
2021-12-29,170000.0,170000.0,160000.0,166000.0
2021-12-30,165500.0,168000.0,161500.0,167500.0
2022-01-03,166500.0,168500.0,163500.0,166500.0
2022-01-04,165000.0,169000.0,163000.0,166000.0
2022-01-05,166000.0,168500.0,164000.0,164000.0
2022-01-06,164000.0,167000.0,163500.0,165000.0
2022-01-07,165000.0,167500.0,164500.0,165500.0
2022-01-10,165500.0,168000.0,164000.0,165500.0
2022-01-11,165500.0,167000.0,163500.0,164500.0
2022-01-12,164500.0,167000.0,164000.0,164500.0
2022-01-13,166000.0,168500.0,164000.0,166000.0
2022-01-14,166000.0,171000.0,166000.0,170000.0
2022-01-17,170000.0,172000.0,166500.0,167500.0
2022-01-18,169000.0,170500.0,166500.0,168500.0
2022-01-19,167000.0,169000.0,166000.0,168000.0
2022-01-20,168000.0,169000.0,165500.0,167500.0
2022-01-21,167500.0,171000.0,167000.0,170500.0
2022-01-24,169500.0,173500.0,169500.0,172000.0
2022-01-25,172500.0,197000.0,171000.0,173500.0
2022-01-26,175000.0,181000.0,173500.0,180000.0
2022-01-27,186000.0,186000.0,168500.0,176000.0
2022-01-28,182000.0,183500.0,171000.0,173000.0
2022-02-03,173000.0,177000.0,172000.0,176000.0
2022-02-04,174500.0,182000.0,174000.0,180500.0
2022-02-07,180500.0,184500.0,178500.0,181000.0
2022-02-08,185000.0,185000.0,178000.0,178500.0
2022-02-09,176500.0,180000.0,175500.0,179500.0
2022-02-10,179500.0,185000.0,170500.0,182500.0
2022-02-11,183000.0,187000.0,179500.0,185000.0
2022-02-14,184500.0,199500.0,184500.0,196500.0
2022-02-15,196500.0,197500.0,188500.0,188500.0
2022-02-16,186500.0,190000.0,185500.0,189000.0
2022-02-17,188500.0,191000.0,185500.0,187000.0
2022-02-18,186000.0,197500.0,185500.0,192000.0
2022-02-21,194000.0,203000.0,191500.0,191500.0
2022-02-22,195500.0,198500.0,188500.0,190500.0
2022-02-23,192000.0,192000.0,186500.0,190000.0
2022-02-24,190000.0,213500.0,188500.0,204000.0
2022-02-25,193500.0,204000.0,186000.0,188500.0
2022-02-28,189500.0,192000.0,188000.0,189500.0
2022-03-02,191500.0,194500.0,190000.0,191000.0
2022-03-03,196000.0,196000.0,191500.0,195500.0
2022-03-04,197500.0,199000.0,195000.0,196000.0
2022-03-07,196000.0,198500.0,194000.0,194000.0
2022-03-08,193500.0,194000.0,188000.0,189500.0
2022-03-10,189500.0,192500.0,188500.0,191000.0
2022-03-11,194000.0,194000.0,190000.0,190000.0
2022-03-14,189500.0,193000.0,189500.0,190000.0
2022-03-15,190000.0,190500.0,187000.0,187500.0
2022-03-16,187500.0,188000.0,184000.0,186000.0
2022-03-17,186000.0,187000.0,185000.0,185000.0
2022-03-18,187000.0,187500.0,185000.0,185500.0
2022-03-21,185500.0,186500.0,184500.0,184500.0
2022-03-22,185000.0,187500.0,184500.0,184500.0
2022-03-23,186500.0,186500.0,184500.0,185500.0
2022-03-24,185500.0,186000.0,184000.0,184500.0
2022-03-25,185000.0,187000.0,184500.0,186000.0
2022-03-28,185000.0,187000.0,185000.0,185500.0
2022-03-29,185000.0,187500.0,184500.0,184500.0
2022-03-30,185000.0,186000.0,183500.0,183500.0
2022-03-31,184500.0,185000.0,183000.0,184000.0
2022-04-01,186000.0,186000.0,182500.0,184000.0
2022-04-04,186000.0,186000.0,183500.0,184000.0
2022-04-05,184000.0,186000.0,183500.0,183500.0
2022-04-06,183500.0,190500.0,182000.0,185000.0
2022-04-07,189000.0,189000.0,184500.0,184500.0
2022-04-08,184500.0,185000.0,183500.0,184000.0
2022-04-11,184000.0,185000.0,184000.0,184000.0
2022-04-12,184000.0,186000.0,182000.0,184000.0
2022-04-13,183000.0,186000.0,183000.0,184500.0
2022-04-14,184500.0,186500.0,184500.0,185500.0
2022-04-15,185500.0,188500.0,185500.0,185500.0
2022-04-18,185500.0,186000.0,183500.0,183500.0
2022-04-19,183500.0,185000.0,183000.0,183500.0
2022-04-20,183500.0,184500.0,183500.0,183500.0
2022-04-21,183500.0,185000.0,183000.0,183500.0
2022-04-22,184500.0,186500.0,183500.0,184500.0
2022-04-25,184500.0,185000.0,183500.0,183500.0
2022-04-26,186000.0,186000.0,183500.0,185000.0
2022-04-27,185500.0,190000.0,183500.0,184500.0
2022-04-28,185000.0,185500.0,183500.0,184500.0
2022-04-29,183500.0,185500.0,183500.0,185000.0
2022-05-02,185000.0,186000.0,183500.0,185000.0
2022-05-03,185000.0,185000.0,183500.0,183500.0
2022-05-04,185000.0,186000.0,183500.0,184000.0
2022-05-06,184000.0,184500.0,183000.0,183000.0
2022-05-09,183000.0,183500.0,181500.0,183500.0
2022-05-10,183500.0,186000.0,181500.0,185500.0
2022-05-11,184500.0,185500.0,183500.0,184500.0
2022-05-12,185000.0,188500.0,184000.0,185000.0
2022-05-13,183500.0,187000.0,183500.0,186500.0
2022-05-16,185500.0,189500.0,184000.0,189000.0
2022-05-17,189000.0,205000.0,188000.0,193500.0
2022-05-18,192500.0,195500.0,192000.0,193000.0
2022-05-19,191000.0,196000.0,191000.0,195000.0
2022-05-20,195000.0,198000.0,194000.0,197500.0
2022-05-23,197500.0,198000.0,196000.0,196500.0
2022-05-24,197000.0,198000.0,193500.0,197000.0
2022-05-25,196000.0,200000.0,196000.0,198500.0
2022-05-26,200000.0,203500.0,195500.0,201500.0
2022-05-27,203000.0,204500.0,199500.0,204000.0
2022-05-30,206500.0,207000.0,204500.0,206000.0
2022-05-31,206000.0,209000.0,204500.0,208000.0
2022-06-02,208000.0,212000.0,207000.0,209500.0
2022-06-03,212500.0,213000.0,210500.0,212000.0
2022-06-07,212000.0,217000.0,212000.0,215000.0
2022-06-08,215000.0,217000.0,213000.0,215500.0
2022-06-09,217000.0,221500.0,216000.0,220000.0
2022-06-10,219500.0,227000.0,217500.0,225000.0
2022-06-13,228000.0,229000.0,220000.0,225000.0
2022-06-14,225000.0,225000.0,218000.0,218000.0
2022-06-15,218000.0,222000.0,217000.0,218500.0
2022-06-16,222000.0,227500.0,221500.0,225000.0
2022-06-17,224500.0,229500.0,223000.0,224000.0
2022-06-20,222500.0,225000.0,220500.0,222000.0
2022-06-21,220000.0,227500.0,220000.0,226000.0
2022-06-22,230000.0,230000.0,224000.0,225000.0
2022-06-23,227500.0,227500.0,224000.0,226000.0
2022-06-24,226000.0,243500.0,221500.0,227500.0
2022-06-27,230000.0,237500.0,229000.0,235500.0
2022-06-28,239000.0,249000.0,236000.0,241500.0
2022-06-29,241500.0,245500.0,238000.0,242500.0
2022-06-30,241500.0,242000.0,239500.0,239500.0
2022-07-01,237500.0,239500.0,233500.0,237000.0
2022-07-04,237000.0,240000.0,236500.0,238500.0
2022-07-05,237500.0,240000.0,237000.0,238500.0
2022-07-06,238500.0,242000.0,238000.0,241000.0
2022-07-07,241000.0,245000.0,239000.0,240500.0
2022-07-08,240500.0,244500.0,240500.0,243000.0
2022-07-11,244500.0,246500.0,242000.0,244000.0
2022-07-12,245500.0,249000.0,242000.0,243000.0
2022-07-13,242500.0,245500.0,242500.0,243500.0
2022-07-14,245500.0,247000.0,243000.0,243500.0
2022-07-15,244000.0,246500.0,242500.0,242500.0
2022-07-18,242000.0,244500.0,239500.0,240500.0
2022-07-19,240000.0,240500.0,234500.0,234500.0
2022-07-20,234500.0,240000.0,232000.0,236000.0
2022-07-21,235000.0,240500.0,234500.0,238000.0
2022-07-22,238000.0,239000.0,235500.0,237000.0
2022-07-25,235500.0,238000.0,235500.0,236000.0
2022-07-26,237000.0,240000.0,235500.0,238000.0
2022-07-27,239500.0,240000.0,237000.0,238000.0
2022-07-28,236500.0,241500.0,236500.0,239000.0
2022-07-29,240500.0,242000.0,237500.0,240000.0
2022-08-01,241000.0,243000.0,238500.0,241500.0
2022-08-02,241000.0,247000.0,241000.0,245000.0
2022-08-03,245500.0,247000.0,245000.0,246500.0
2022-08-04,247500.0,251500.0,245500.0,250000.0
2022-08-05,249500.0,252000.0,248500.0,250000.0
2022-08-08,251500.0,253000.0,245500.0,249500.0
2022-08-09,254000.0,254000.0,250000.0,251500.0
2022-08-10,251500.0,252000.0,249000.0,249500.0
2022-08-11,250500.0,252500.0,249500.0,250000.0
2022-08-12,250000.0,256000.0,250000.0,252500.0
2022-08-16,252500.0,258500.0,251000.0,258000.0
2022-08-17,258000.0,266500.0,257500.0,262500.0
2022-08-18,263000.0,264000.0,257000.0,262000.0
2022-08-19,260500.0,264500.0,260500.0,261500.0
2022-08-22,260500.0,261500.0,259000.0,259000.0
2022-08-23,260500.0,262000.0,258500.0,260000.0
2022-08-24,263500.0,263500.0,259000.0,260500.0
2022-08-25,262000.0,262000.0,259000.0,260000.0
2022-08-26,260000.0,261500.0,259000.0,259000.0
2022-08-29,259000.0,260500.0,256500.0,259500.0
2022-08-30,259000.0,259000.0,256500.0,257500.0
2022-08-31,257500.0,260500.0,250000.0,257000.0
2022-09-01,255000.0,259000.0,255000.0,257000.0
2022-09-02,256000.0,263000.0,256000.0,259500.0
2022-09-05,258500.0,263000.0,258500.0,262000.0
2022-09-06,261000.0,267500.0,260000.0,265500.0
2022-09-07,269000.0,274000.0,265500.0,271000.0
2022-09-08,271000.0,271000.0,266000.0,266000.0
2022-09-13,264500.0,267000.0,263500.0,264500.0
2022-09-14,261500.0,267000.0,261500.0,264000.0
2022-09-15,265500.0,266500.0,262000.0,264000.0
2022-09-16,263500.0,266000.0,262000.0,263000.0
2022-09-19,262000.0,266500.0,262000.0,263500.0
2022-09-20,265000.0,266000.0,263500.0,264000.0
2022-09-21,264000.0,268000.0,264000.0,265000.0
2022-09-22,267000.0,268500.0,264000.0,267000.0
2022-09-23,269000.0,281500.0,266000.0,279000.0
2022-09-26,280500.0,281000.0,266500.0,272000.0
2022-09-27,272000.0,276000.0,271500.0,272500.0
2022-09-28,276000.0,276500.0,272500.0,274500.0
2022-09-29,275000.0,289000.0,271500.0,284000.0
2022-09-30,285500.0,300000.0,285500.0,293500.0
2022-10-04,300000.0,300000.0,280500.0,297500.0
2022-10-05,329000.0,329000.0,295000.0,295000.0
2022-10-06,295000.0,297500.0,290500.0,293500.0
2022-10-07,293500.0,299000.0,291000.0,299000.0
2022-10-11,299000.0,308000.0,285000.0,300000.0
2022-10-12,298000.0,303000.0,291000.0,301000.0
2022-10-13,300000.0,302000.0,292500.0,298000.0
2022-10-17,297000.0,303000.0,293500.0,302500.0
2022-10-18,302500.0,307500.0,294000.0,305000.0
2022-10-19,304000.0,312000.0,303500.0,310500.0
2022-10-21,324000.0,324000.0,315500.0,320500.0
2022-10-24,323500.0,328000.0,317000.0,328000.0
2022-10-25,326000.0,340000.0,326000.0,332000.0
2022-10-26,335000.0,335500.0,326000.0,331000.0
2022-10-27,330000.0,330000.0,323500.0,327500.0
2022-10-28,326500.0,330500.0,323000.0,329000.0
2022-10-31,328000.0,331500.0,323000.0,329500.0
2022-11-01,329500.0,333000.0,324000.0,325000.0
